Date,Volume,Close,Average
17/11/14,6208700,35.599998,35.5999985
18/11/14,5319600,35.470001,35.640001
19/11/14,5748700,35.48,35.3850005
20/11/14,6090600,35.389999,35.2299995
21/11/14,7477400,35.529999,35.6899985
24/11/14,6739000,35.619999,35.700001
25/11/14,7646700,35.299999,35.535
26/11/14,6138100,35.119999,35.244999
28/11/14,3534700,35.18,35.125
01/12/14,8802400,35.099998,34.885
02/12/14,9335200,35.77,35.5550005
03/12/14,9147400,36.52,36.1149995
04/12/14,9165300,36.790001,36.57
05/12/14,11489700,37.240002,37.3500005
08/12/14,14069300,38,37.6199985
09/12/14,12283800,38.099998,37.6949995
10/12/14,13788700,37.389999,37.6900005
11/12/14,8942200,37.400002,37.68
12/12/14,10965300,36.25,36.6599995
15/12/14,10472000,35.93,36.235001
16/12/14,11456800,35.52,35.8850005
17/12/14,11919000,36.73,36.17
18/12/14,12773100,38.099998,37.6899985
19/12/14,12526800,38.509998,38.285
22/12/14,8650600,38.57,38.34
23/12/14,5872600,38.950001,38.8150005
24/12/14,2495100,38.810001,38.9049985
26/12/14,3091700,38.720001,38.8600005
29/12/14,3466900,38.959999,38.85
30/12/14,4010600,39,38.825001
31/12/14,6492900,38.799999,38.99
02/01/15,7333800,38.709999,38.700001
05/01/15,12507900,37.5,37.879999
06/01/15,16507800,36.419998,36.800001
07/01/15,9957700,36.939999,36.8249985
08/01/15,8079600,37.490002,37.5249995
09/01/15,7807500,36.880001,37.125
12/01/15,9385900,36.369999,36.49
13/01/15,12447800,36.029999,36.3700005
14/01/15,15898600,35.209999,35.004999
15/01/15,17568100,34.580002,34.7699985
16/01/15,27056100,34.889999,34.4899995
20/01/15,19400600,34.75,34.410002
21/01/15,15830500,34.73,34.5300005
22/01/15,18792700,35.529999,34.9300005
23/01/15,10969300,35.150002,35.4850005
26/01/15,9899900,35.110001,34.91
27/01/15,9021500,34.66,34.6899985
28/01/15,14730700,33.77,34.2549995
29/01/15,11378800,34.369999,34.135
30/01/15,11693000,33.810001,34.09
02/02/15,12373400,34.419998,34.0699995
03/02/15,14545300,35.040001,34.8199995
04/02/15,10246300,34.77,34.915001
05/02/15,10524000,34.93,34.9400005
06/02/15,17087400,35.790001,35.755001
09/02/15,8454100,35.630001,35.6499995
10/02/15,12491700,36.16,36.0299985
11/02/15,7798100,36.369999,36.305
12/02/15,8167100,36.900002,36.7200015
13/02/15,8019200,36.779999,36.880001
17/02/15,6800200,36.919998,36.719999
18/02/15,7745800,36.369999,36.5600015
19/02/15,5856500,36.330002,36.34
20/02/15,11019700,36.740002,36.349998
23/02/15,7399600,36.27,36.380001
24/02/15,8910400,36.740002,36.625
25/02/15,7358500,36.59,36.75
26/02/15,10363200,36.060001,36.1900005
27/02/15,8264200,35.790001,35.8850005
02/03/15,7118100,36.240002,35.9349995
03/03/15,8338800,35.82,36.0750005
04/03/15,11533500,35.09,35.35
05/03/15,8976400,35.52,35.25
06/03/15,14177300,35.529999,35.985001
09/03/15,8573800,35.669998,35.5300005
10/03/15,10996700,34.880001,35.035002
11/03/15,10593900,34.950001,34.9699995
12/03/15,18321000,37.09,36.635
13/03/15,11237500,36.349998,36.6500015
16/03/15,8077200,36.73,36.550001
17/03/15,8381800,36.549999,36.370001
18/03/15,9870300,36.73,36.6550005
19/03/15,10873800,36.110001,36.1799985
20/03/15,14009000,36.5,36.3899995
23/03/15,7341600,36.310001,36.4799995
24/03/15,7952200,36.240002,36.2199995
25/03/15,9066500,35.450001,35.7999995
26/03/15,10180500,35.619999,35.365
27/03/15,9157800,35.830002,35.629999
30/03/15,8954200,36.310001,36.265001
31/03/15,10258200,35.689999,35.955
01/04/15,7975800,35.970001,35.695
02/04/15,6271300,36.060001,35.995001
06/04/15,6624300,35.91,35.7849995
07/04/15,8045000,35.939999,36.174999
08/04/15,6602800,36.259998,36.1750015
09/04/15,7910400,36.639999,36.4099995
10/04/15,10047800,36.240002,36.375
13/04/15,6207400,36.299999,36.3899995
14/04/15,12320000,36.84,36.6450005
15/04/15,13022600,37.389999,37.1650005
16/04/15,8876100,37.360001,37.3200015
17/04/15,10033800,36.75,36.795
20/04/15,13301900,36.959999,37.075001
21/04/15,11380900,36.75,37.0200005
22/04/15,10161300,37.200001,37.035
23/04/15,8486900,37.380001,37.289999
24/04/15,8643200,37.360001,37.25
27/04/15,8924200,37.049999,37.3199995
28/04/15,7525400,37.040001,36.8899995
29/04/15,9518400,37.490002,37.205
30/04/15,10413900,37.310001,37.3950005
01/05/15,6469600,37.509998,37.470001
04/05/15,7375700,37.91,37.734999
05/05/15,10339600,37.450001,37.655001
06/05/15,9532500,37.049999,37.1949995
07/05/15,12404700,37.540001,37.2349985
08/05/15,10037900,37.889999,37.744999
11/05/15,12349100,38.25,38.17
12/05/15,9689300,37.720001,37.744999
13/05/15,7016100,37.779999,37.7000005
14/05/15,7291300,38.139999,38
15/05/15,7093800,37.849998,37.9650005
18/05/15,6061400,38.330002,38.125
19/05/15,7380900,38.689999,38.59
20/05/15,6339300,38.330002,38.4200005
21/05/15,7141500,38.040001,38.17
22/05/15,5513900,38.169998,38.184999
26/05/15,8434000,37.790001,37.870001
27/05/15,8252300,38.619999,38.2999995
28/05/15,9717600,38.73,38.5949995
29/05/15,7858800,38.200001,38.4399985
01/06/15,8830700,38.580002,38.4400005
02/06/15,6178700,38.52,38.505001
03/06/15,7812600,39.009998,38.9250015
04/06/15,7713400,38.700001,38.8999995
05/06/15,9808100,39.290001,39.1750015
08/06/15,7327000,39.09,39.370001
09/06/15,7807900,39.130001,39.035
10/06/15,9546900,39.889999,39.5550005
11/06/15,6981000,39.869999,39.9050005
12/06/15,5896300,39.610001,39.6849995
15/06/15,5635300,39.529999,39.295
16/06/15,4580300,39.740002,39.5799995
17/06/15,7029500,39.580002,39.744999
18/06/15,7593800,39.790001,39.625
19/06/15,10338800,39.369999,39.5750005
22/06/15,8676300,39.849998,39.879999
23/06/15,9380300,40.209999,40.110001
24/06/15,8065700,39.639999,39.8999995
25/06/15,8939700,39.220001,39.504999
26/06/15,8325600,39.5,39.540001
29/06/15,10819300,38.310001,38.75
30/06/15,11102300,38.790001,38.8250005
01/07/15,10549900,39.360001,39.3549995
02/07/15,6801200,39,39.0599995
06/07/15,8044500,38.849998,38.66
07/07/15,12759200,38.619999,38.275002
08/07/15,9113300,37.790001,38.050001
09/07/15,7286000,38.099998,38.3150005
10/07/15,6780400,38.639999,38.6499995
13/07/15,7183900,39.32,39.165001
14/07/15,8054600,39.709999,39.584999
15/07/15,7649400,39.700001,39.7150005
16/07/15,7969800,39.91,39.965
17/07/15,8153700,40.200001,39.959999
20/07/15,15141800,40.040001,40.4700015
21/07/15,11773400,40.080002,40.0149995
22/07/15,9435900,40.540001,40.3500005
23/07/15,10281600,39.939999,40.2750015
24/07/15,8370100,39.599998,39.6800005
27/07/15,11948000,39.25,39.125
28/07/15,9201100,39.25,39.375
29/07/15,9677800,39.290001,39.1849995
30/07/15,5512100,39.299999,39.125
31/07/15,7347600,38.84,39.0699995
03/08/15,7078100,38.759998,38.6949995
04/08/15,6365800,38.919998,38.960001
05/08/15,4981000,39,39.0749985
06/08/15,7573500,38.93,38.92
07/08/15,8329500,38.580002,38.719999
10/08/15,5585000,39.080002,38.9799995
11/08/15,11188900,37.919998,38.1350005
12/08/15,13981400,37.57,37.1049995
13/08/15,6554200,37.75,37.710001
14/08/15,5029500,38.049999,37.835001
17/08/15,5109200,38.139999,37.8649995
18/08/15,8794400,37.82,38
19/08/15,8549700,37.439999,37.5100005
20/08/15,14129400,36.169998,36.584999
21/08/15,30185700,34.209999,35.0249995
24/08/15,24624100,32.259998,32.0050005
25/08/15,19890100,31.76,32.7649995
26/08/15,25346400,33.299999,32.8150005
27/08/15,21258600,34.299999,33.9499985
28/08/15,13192400,34.049999,33.955
31/08/15,13393000,34.450001,34.42
01/09/15,14590100,33.119999,33.2900005
02/09/15,12151000,33.790001,33.4850005
03/09/15,11670800,33.799999,34.0650005
04/09/15,12774100,33.189999,33.1949995
08/09/15,13449200,34.27,34.129999
09/09/15,10657200,33.75,34.3500005
10/09/15,9692500,33.869999,33.805
11/09/15,7800900,33.990002,33.744999
14/09/15,9102200,33.810001,33.870001
15/09/15,8776700,34.580002,34.2749995
16/09/15,10540400,34.619999,34.539999
17/09/15,13617200,34.049999,34.3950005
18/09/15,19591300,33.029999,33.219999
21/09/15,8950900,33.34,33.3149985
22/09/15,13385500,32.439999,32.4849985
23/09/15,12264700,32.32,32.445
24/09/15,16766500,31.969999,31.72
25/09/15,13797800,32.189999,32.425001
28/09/15,15445400,31.09,31.3649995
29/09/15,13715900,31.01,30.8699995
30/09/15,15024800,31.5,31.535001
01/10/15,13358700,31.5,31.4149995
02/10/15,22822500,31.43,30.8099995
05/10/15,11635700,32.290001,32.0949995
06/10/15,8875100,32.360001,32.1850005
07/10/15,13458400,32.93,32.9750005
08/10/15,11407600,32.990002,32.8549995
09/10/15,11711000,32.720001,32.834999
12/10/15,7034500,32.799999,32.6899985
13/10/15,10943700,32.610001,32.839998
14/10/15,9877500,32.540001,32.7399995
15/10/15,12920500,33.610001,33.0200005
16/10/15,13804700,33.950001,33.790001
19/10/15,39255600,32.32,31.965001
20/10/15,23590400,32.25,32.035001
21/10/15,22175900,31.48,31.8850005
22/10/15,18753800,32.349998,32.0299995
23/10/15,14730700,32.619999,32.665001
26/10/15,10952300,32.549999,32.57
27/10/15,13302400,32.23,32.084999
28/10/15,17285600,33.439999,32.870001
29/10/15,12759600,33.540001,33.6149995
30/10/15,13581100,32.970001,33.25
02/11/15,9887900,33.48,33.3700005
03/11/15,11389800,33.290001,33.3100015
04/11/15,9125400,33.400002,33.42
05/11/15,12192300,33.880001,33.7299995
06/11/15,19355200,35.41,35.2299995
09/11/15,10976800,35.110001,35.290001
10/11/15,7335600,35.240002,35.025
11/11/15,7506000,35.02,35.245001
12/11/15,10403400,34.23,34.475
13/11/15,8728000,33.93,34.074999
16/11/15,11227400,34.049999,33.68
17/11/15,10853300,33.59,33.955
18/11/15,10396200,34.25,33.960001
19/11/15,8947800,34.169998,34.195
20/11/15,8624100,33.91,34.154999
23/11/15,7963000,33.639999,33.8549995
24/11/15,7954500,33.59,33.4799995
25/11/15,6210000,33.610001,33.5949995
27/11/15,3014600,33.779999,33.699999
30/11/15,17416300,34.299999,34.115
01/12/15,18594200,35.27,34.974998
02/12/15,10996500,34.889999,35.0600015
03/12/15,15021200,34.450001,34.755001
04/12/15,13205400,35.32,34.995001
07/12/15,8389200,34.68,34.8649995
08/12/15,10613400,34.060001,34.094999
09/12/15,13211200,33.369999,33.7000005
10/12/15,10674500,33.419998,33.5900005
11/12/15,16133000,32.080002,32.4899995
14/12/15,14990100,31.879999,31.9549995
15/12/15,13708800,32.84,32.8200015
16/12/15,13682900,33.610001,33.225
17/12/15,15959800,32.380001,33.1049995
18/12/15,19331700,31.290001,31.75
21/12/15,10920100,31.68,31.495
22/12/15,11468400,32.220001,31.995001
23/12/15,6807100,32.599998,32.5049995
24/12/15,2798200,32.48,32.574999
28/12/15,5420300,32.169998,32.155001
29/12/15,6388200,32.549999,32.5150015
30/12/15,5057200,32.23,32.4250015
31/12/15,8154300,31.809999,32.0349995
04/01/16,15749200,31.48,31.0399995
05/01/16,9850500,31.280001,31.3150005
06/01/16,13057400,30.5,30.5150005
07/01/16,18138200,28.98,29.4250005
08/01/16,15295600,28.379999,28.8949995
11/01/16,19414800,28.459999,28.2049995
12/01/16,16041800,28.459999,28.4399995
13/01/16,29721900,26.889999,27.6499995
14/01/16,23814500,27.15,26.775
15/01/16,29462200,25.969999,25.96
19/01/16,28788200,26.26,26.4449995
20/01/16,25940900,25.24,25.22
21/01/16,22130300,24.780001,25.1400005
22/01/16,22498400,25.610001,25.58
25/01/16,20144600,24.98,25.2250005
26/01/16,13362900,25.49,25.3450005
27/01/16,19796300,25.370001,25.6049995
28/01/16,16015600,25.17,25.3900005
29/01/16,18766500,25.879999,25.505
01/02/16,11177900,25.709999,25.675
02/02/16,18326800,24.5,24.875
03/02/16,25132900,24.32,23.9050005
04/02/16,17497500,25.01,24.660001
05/02/16,16106100,24.35,24.8
08/02/16,24258700,22.67,23.08
09/02/16,25642000,22.93,22.5250005
10/02/16,21564200,22.700001,23.21
11/02/16,29160400,21.690001,21.6449995
12/02/16,22802200,23.09,22.530001
16/02/16,20565500,23.719999,23.674999
17/02/16,19226500,24.23,24.3950005
18/02/16,17521200,23.959999,24.160001
19/02/16,12986200,24,23.915
22/02/16,12182000,24.540001,24.535
23/02/16,14728800,23.709999,24.085
24/02/16,20271400,23.709999,23.1949995
25/02/16,17568600,24.629999,24.225
26/02/16,19258000,25.16,25.2250005
29/02/16,13301500,24.700001,24.91
01/03/16,17197000,26.09,25.59
02/03/16,16119300,26.110001,26.0600005
03/03/16,11515400,26.139999,26
04/03/16,13629400,26.129999,26.205
07/03/16,9835300,26.09,26.0150005
08/03/16,21715100,25.01,25.400001
09/03/16,23542300,24.610001,24.8500005
10/03/16,20117300,24.65,24.8000005
11/03/16,24457300,26,25.6000005
14/03/16,17603300,25.91,25.865
15/03/16,15900500,25.43,25.405001
16/03/16,17841100,25.16,25.25
17/03/16,20718900,25.85,25.3050005
18/03/16,24032000,26.280001,26.2649995
21/03/16,10054000,25.940001,26.235001
22/03/16,13623900,25.84,25.7350005
23/03/16,10430600,25.27,25.535001
24/03/16,15777900,24.93,24.615001
28/03/16,9540200,24.719999,24.875
29/03/16,13927200,24.780001,24.465
30/03/16,11502400,25.07,25.095
31/03/16,15492000,25.01,25.215
01/04/16,15484800,25.530001,25.1500005
04/04/16,11408300,25.040001,25.21
05/04/16,12860000,24.379999,24.4700005
06/04/16,14982000,24.42,24.5
07/04/16,17145400,23.719999,23.9099995
08/04/16,10000600,23.75,23.92
11/04/16,12107600,24.110001,24.155001
12/04/16,14947800,24.58,24.515
13/04/16,18251000,25.879999,25.4299995
14/04/16,18678400,26.17,25.96
15/04/16,14899900,25.76,26.04
18/04/16,29605100,25.73,25.865001
19/04/16,23006500,26.459999,26.1449995
20/04/16,24836300,27.41,26.95
21/04/16,16579300,27.26,27.5149995
22/04/16,19084100,27.700001,27.5550005
25/04/16,11748800,27.530001,27.4699995
26/04/16,13779800,27.549999,27.5
27/04/16,12481700,27.530001,27.5100005
28/04/16,11096600,27.23,27.45
29/04/16,15477400,27.059999,27.0500005
02/05/16,14987500,27.26,27.18
03/05/16,16716600,26.889999,26.625
04/05/16,15144500,26.280001,26.335
05/05/16,11909100,26.17,26.25
06/05/16,12002200,26.25,26.125
09/05/16,10734400,26.1,26.2700005
10/05/16,11200000,26.629999,26.535001
11/05/16,9589900,26.360001,26.67
12/05/16,9838300,26.23,26.3499995
13/05/16,13378800,25.889999,26.2699995
16/05/16,9883900,26.209999,26.135
17/05/16,14474100,26.16,26.255
18/05/16,20329900,27.24,26.7350005
19/05/16,11487100,26.610001,26.8950005
20/05/16,14313000,26.77,26.92
23/05/16,8913100,26.83,26.7700005
24/05/16,18026100,27.41,27.3099995
25/05/16,15856700,27.780001,27.9450005
26/05/16,10080100,27.42,27.63
27/05/16,10156100,27.530001,27.474999
31/05/16,12723400,27.370001,27.5550005
01/06/16,11175000,27.49,27.12
02/06/16,8077400,27.280001,27.384999
03/06/16,14562600,26.540001,26.33
06/06/16,10174200,26.85,26.7799995
07/06/16,9949100,26.52,26.7200005
08/06/16,10311500,26.540001,26.61
09/06/16,9893000,26.08,26.13
10/06/16,13449800,25.540001,25.6450005
13/06/16,12824300,25.26,25.485
14/06/16,15812900,24.6,24.92
15/06/16,17393000,24.719999,24.87
16/06/16,16309400,25.07,24.6700005
17/06/16,19295900,25.309999,25.2699995
20/06/16,17426400,25.9,26.0749995
21/06/16,12357100,26.200001,26.049999
22/06/16,14542900,26.389999,26.4099995
23/06/16,18027200,27.290001,27.045
24/06/16,49311900,24.52,25.0200005
27/06/16,25434000,23.610001,23.610001
28/06/16,19792300,24.610001,24.254999
29/06/16,13760800,25.23,24.9449995
30/06/16,19736300,25.98,25.59
01/07/16,8863400,25.92,26.08
05/07/16,13317300,25,25.2
06/07/16,14165000,25.15,24.9
07/07/16,13428700,25.690001,25.59
08/07/16,14141600,26.370001,26.2300005
11/07/16,13213000,26.459999,26.6549995
12/07/16,15516900,27.370001,27.115001
13/07/16,12911900,27.16,27.2100005
14/07/16,15436600,28,27.87
15/07/16,18519800,28.01,27.985001
18/07/16,14083900,28.209999,28.0450005
19/07/16,21511200,28.190001,28.085
20/07/16,28606100,28.780001,28.665
21/07/16,20312700,28.870001,28.8549995
22/07/16,12996700,28.92,28.9
25/07/16,10622900,29.129999,28.965
26/07/16,15019500,29.23,29.075001
27/07/16,13672200,29.02,29.1500005
28/07/16,11528400,28.860001,28.8450005
29/07/16,10498500,28.73,28.8
01/08/16,10396000,28.5,28.6450005
02/08/16,16915500,28,28.175
03/08/16,10562000,28.42,28.2300005
04/08/16,12162900,28.280001,28.195
05/08/16,11881900,29.01,28.885
08/08/16,9018600,29.120001,29.21
09/08/16,11012600,29.34,29.32
10/08/16,8186700,29.110001,29.259999
11/08/16,8741100,29.379999,29.240001
12/08/16,9749000,29.17,29.030001
15/08/16,9411000,29.66,29.554999
16/08/16,22161900,30.25,30.120001
17/08/16,12327000,30.370001,30.295
18/08/16,13369400,30.549999,30.4700005
19/08/16,8831900,30.549999,30.4899995
22/08/16,6613900,30.6,30.545
23/08/16,7907700,30.719999,30.8199995
24/08/16,12453500,30.91,30.9399995
25/08/16,7838700,30.969999,30.9149995
26/08/16,10693400,31.16,31.255
29/08/16,9167800,31.41,31.375
30/08/16,13745600,32.189999,31.7999995
31/08/16,15561200,32.060001,32.015
01/09/16,11986500,31.91,31.905
02/09/16,12288200,31.889999,31.9399995
06/09/16,14191400,31.75,31.885
07/09/16,10845000,31.690001,31.7600005
08/09/16,12696100,32.040001,31.91
09/09/16,16493900,31.59,31.93
12/09/16,13888100,32.240002,31.7299995
13/09/16,13954100,31.459999,31.635
14/09/16,11687600,31.559999,31.559999
15/09/16,9947900,31.950001,31.8199995
16/09/16,14756200,31.59,31.589999
19/09/16,7806500,31.6,31.809999
20/09/16,8849000,31.700001,31.825
21/09/16,10073600,31.92,31.7800005
22/09/16,8185300,32.240002,32.2099995
23/09/16,9400600,31.91,31.96
26/09/16,10217700,31.030001,31.2649995
27/09/16,9753500,31.35,31.0550005
28/09/16,7425100,31.77,31.5599995
29/09/16,12529700,31.040001,31.4250005
30/09/16,16269700,32.060001,31.66
03/10/16,10324300,31.950001,31.8100005
04/10/16,9525400,32.040001,32.1050005
05/10/16,11157700,32.560001,32.414999
06/10/16,11347200,32.389999,32.4250015
07/10/16,11406100,32.310001,32.2350005
10/10/16,6609200,32.560001,32.5599995
11/10/16,6827700,32.18,32.3549995
12/10/16,6743300,31.91,32.13
13/10/16,13893500,31.73,31.9799995
14/10/16,13734100,32.07,32.34
17/10/16,10114300,31.790001,31.8899995
18/10/16,13091600,32.32,32.2749995
19/10/16,18522700,32.93,32.59
20/10/16,10650700,32.900002,32.8850005
21/10/16,13910300,33.439999,33.0300005
24/10/16,9221300,33.380001,33.51
25/10/16,7912200,33.349998,33.3950005
26/10/16,9113000,33.59,33.3550015
27/10/16,12608400,33.82,33.795
28/10/16,10183500,33.52,33.5999985
31/10/16,8687200,33.57,33.6850015
01/11/16,8988700,33.360001,33.370001
02/11/16,8900400,32.919998,32.949999
03/11/16,8172500,32.810001,33
04/11/16,7897800,32.779999,32.885
07/11/16,11328000,34,33.785
08/11/16,7370500,34.099998,33.91
09/11/16,28311000,36.52,35.6900005
10/11/16,38586800,38.02,37.83
11/11/16,22845500,38.490002,38.045
14/11/16,25619000,39.349998,39.33
15/11/16,18608000,40,39.2199995
16/11/16,18234900,39.189999,39.2199995
17/11/16,12676900,39.970001,39.345001
18/11/16,16413300,40.43,40.2799985
21/11/16,10122300,40.560001,40.455
22/11/16,12341100,40.540001,40.3700005
23/11/16,9841000,41.040001,40.7000005
25/11/16,4027500,41.099998,40.995001
28/11/16,10123600,40.439999,40.674999
29/11/16,8602900,40.599998,40.6049995
30/11/16,14726600,41.360001,41.3249985
01/12/16,14053900,42.16,42.0600015
02/12/16,11288400,41.830002,41.6149995
05/12/16,12264200,42.09,42.3299995
06/12/16,11769500,42.509998,42.3550015
07/12/16,16213400,42.639999,42.540001
08/12/16,14972900,43.580002,43.210001
09/12/16,12115100,43.73,43.6350005
12/12/16,12052000,42.98,43.285
13/12/16,16674900,42.560001,42.7299995
14/12/16,15136500,42.860001,42.8850005
15/12/16,15725700,43.009998,43.1999985
16/12/16,19076900,42.709999,43.08
19/12/16,12663500,42.830002,42.5
20/12/16,8647400,43.5,43.3550015
21/12/16,6859300,43.369999,43.4699995
22/12/16,8200300,42.790001,43.0749985
23/12/16,6733000,43.060001,42.91
27/12/16,5927000,43.119999,43.1100005
28/12/16,4854500,42.619999,42.9300005
29/12/16,7180200,42.150002,42.25
30/12/16,6943500,42.25,42.215
03/01/17,8316900,43.049999,43.040001
04/01/17,7747400,43.619999,43.4300005
05/01/17,9883200,43.220001,42.91
06/01/17,9152800,43.849998,43.6550005
09/01/17,11104000,42.709999,43.1100005
10/01/17,9074300,43.060001,43.135
11/01/17,8777100,43.669998,43.2249985
12/01/17,8595600,43.630001,43.2749995
13/01/17,12904500,43.810001,44.049999
17/01/17,21840400,42.150002,42.805
18/01/17,15906900,42.860001,42.565001
19/01/17,15040100,42.450001,42.4750005
20/01/17,10779600,42.59,42.6099985
23/01/17,12344700,41.959999,42.1800005
24/01/17,12164200,42.73,42.58
25/01/17,13961000,43.860001,43.4300005
26/01/17,10628900,44.02,44.084999
27/01/17,7635600,43.650002,43.755001
30/01/17,7216200,43.119999,42.880001
31/01/17,10811000,42.490002,42.8449995
01/02/17,9731300,42.700001,42.9750005
02/02/17,11481000,42.130001,42.17
03/02/17,16692200,44.43,43.759998
06/02/17,12577100,44.630001,44.584999
07/02/17,10055700,44.869999,44.824999
08/02/17,10586500,43.91,44.1049995
09/02/17,13166700,44.849998,44.459999
10/02/17,8909400,44.700001,44.745001
13/02/17,13256300,45.259998,45.2699985
14/02/17,12958700,46.040001,45.679998
15/02/17,10115100,46.490002,46.375
16/02/17,10752500,46.110001,46.1499995
17/02/17,8310100,46.150002,45.785
21/02/17,7628400,46.560001,46.4850005
22/02/17,7612800,46.52,46.4799995
23/02/17,11877100,46.580002,46.3950005
24/02/17,11837200,45.529999,45.5950015
27/02/17,7887000,45.84,45.744999
28/02/17,13789400,45.669998,45.4800015
01/03/17,14373700,46.810001,46.8899995
02/03/17,8477000,46.279999,46.5650005
03/03/17,11404300,46.830002,46.640001
06/03/17,9332600,46.57,46.3099995
07/03/17,9411000,46.330002,46.5
08/03/17,11464700,46.389999,46.835001
09/03/17,11135400,46.68,46.83
10/03/17,8579400,46.490002,46.6499995
13/03/17,7160400,46.259998,46.49
14/03/17,6916200,46.189999,45.994999
15/03/17,10796100,45.849998,46.1550005
16/03/17,9284100,46.330002,46.305
17/03/17,13474500,45.02,45.6450005
20/03/17,9734200,44.59,44.6450005
21/03/17,20018400,42.66,43.674999
22/03/17,19046600,42.209999,42.1949995
23/03/17,14888800,42.59,42.3799995
24/03/17,10815300,42.459999,42.575001
27/03/17,21631100,41.580002,40.890001
28/03/17,12944900,42.490002,42.17
29/03/17,14543900,42.799999,42.8950005
30/03/17,11264300,43.43,43.254999
31/03/17,11203300,42.84,42.959999
03/04/17,12531800,42.709999,42.535002
04/04/17,7837100,42.509998,42.594999
05/04/17,12455100,41.740002,42.3549995
06/04/17,9520900,42.09,41.8999995
07/04/17,9319600,41.950001,41.834999
10/04/17,8677200,41.91,41.7700005
11/04/17,10318400,41.580002,41.3850005
12/04/17,10440600,41.07,41.264999
13/04/17,10516500,40.689999,41.09
17/04/17,7959700,41.490002,41.0650005
18/04/17,13872400,41.209999,41.1499995
19/04/17,19850300,42.040001,42.449999
20/04/17,13816200,42.5,42.429998
21/04/17,12951300,41.799999,42.16
24/04/17,16188100,43.560001,43.4599995
25/04/17,13857600,44.27,44.1849995
26/04/17,12938400,44.369999,44.5
27/04/17,9041300,43.540001,43.799999
28/04/17,9049100,43.369999,43.5750005
01/05/17,7552200,43.740002,43.7750015
02/05/17,8126400,43.349998,43.3899995
03/05/17,5578300,43.48,43.4449995
04/05/17,7367800,43.279999,43.595001
05/05/17,6893400,43.080002,43.215
08/05/17,7171700,43.02,43.1200005
09/05/17,6068700,42.830002,43.004999
10/05/17,7367800,43.099998,42.9349995
11/05/17,6340000,42.869999,42.82
12/05/17,5836300,42.73,42.5599995
15/05/17,9941100,43.43,43.209999
16/05/17,6888900,43.380001,43.465
17/05/17,22899900,40.970001,41.9050005
18/05/17,14498400,41.310001,41.3999995
19/05/17,10486700,41.799999,41.790001
22/05/17,6752600,41.66,41.834999
23/05/17,10761300,42.419998,41.990002
24/05/17,6583400,42.630001,42.5200005
25/05/17,5062800,42.630001,42.7300015
26/05/17,5346500,42.84,42.705
30/05/17,6377900,42.279999,42.385
31/05/17,13637900,41.740002,41.6299995
01/06/17,9654300,42.610001,42.24
02/06/17,10016400,42.52,42.4200005
05/06/17,6892800,42.889999,42.9250015
06/06/17,7863200,42.939999,42.6399995
07/06/17,6378500,43.279999,43.1849995
08/06/17,11032500,44.099998,43.9350015
09/06/17,13489900,44.91,44.8549995
12/06/17,10384200,44.849998,44.9400005
13/06/17,9857800,45.150002,45.5149995
14/06/17,11796300,44.91,44.67
15/06/17,6904900,44.689999,44.75
16/06/17,9483200,44.48,44.540001
19/06/17,9153900,45.720001,45.370001
20/06/17,6680500,45.5,45.5
21/06/17,7257600,44.91,45.17
22/06/17,7750500,44.610001,44.625
23/06/17,15915100,43.689999,44.119999
26/06/17,5780400,44,43.905001
27/06/17,8318800,44.220001,44.459999
28/06/17,15848600,44.32,44.5
29/06/17,15728200,44.75,44.9400005
30/06/17,8379400,44.560001,44.9349995
03/07/17,7486400,45.610001,45.5
05/07/17,9843200,46.16,45.8950005
06/07/17,10417300,46.130001,46.2049995
07/07/17,6442000,46.049999,46.1800005
10/07/17,5321500,45.990002,46.0200005
11/07/17,8454700,45.48,45.6550005
12/07/17,10234400,44.959999,45.030001
13/07/17,6204200,45.52,45.360001
14/07/17,8220600,45.200001,44.860001
17/07/17,5141600,45.330002,45.2299995
18/07/17,9594100,45.139999,44.9699995
19/07/17,17586300,46.619999,46.49
20/07/17,10652400,46.509998,46.7699985
21/07/17,9021300,46.59,46.4449995
24/07/17,7443600,46.709999,46.715
25/07/17,11885000,47.610001,47.6350005
26/07/17,9034500,47.209999,47.4849985
27/07/17,9439300,47.09,47.1149995
28/07/17,7959600,46.66,46.83
31/07/17,6764600,46.900002,46.875
01/08/17,6330000,47.209999,47.295
02/08/17,6020000,47.330002,47.1450005
03/08/17,6479300,47.259998,47.33
04/08/17,8906800,48.080002,47.9850005
07/08/17,7761600,48.310001,48.1750015
08/08/17,7771800,47.93,48.3550015
09/08/17,8282900,47.650002,47.314999
10/08/17,10099800,46.299999,46.8500005
11/08/17,13505800,45.650002,46
14/08/17,7136300,46.509998,46.5599995
15/08/17,7663000,46.43,46.8649995
16/08/17,8350800,46.009998,46.369999
17/08/17,9426800,45.09,45.5049995
18/08/17,7284000,45.389999,45.3449995
21/08/17,8501900,44.68,44.9650005
22/08/17,7130700,45.57,45.3199995
23/08/17,5464800,45.799999,45.530001
24/08/17,6640700,46,45.955
25/08/17,5659400,45.939999,46.074999
28/08/17,6526700,45.48,45.6399995
29/08/17,8776100,45.349998,44.955
30/08/17,5672900,45.66,45.6949995
31/08/17,7890800,45.5,45.715
01/09/17,7024700,46.189999,45.9099995
05/09/17,8735700,44.889999,45.220001
06/09/17,6313200,45.07,45.045
07/09/17,11538300,44.07,44.4850005
08/09/17,8739800,44.009998,44.380001
11/09/17,8017000,45.16,44.875
12/09/17,8010200,45.75,45.710001
13/09/17,6637900,46.220001,45.9099995
14/09/17,7414100,46.419998,46.5349995
15/09/17,9113100,46.599998,46.3999995
18/09/17,7938000,47.32,47.209999
19/09/17,7999600,47.669998,47.5650005
20/09/17,8673600,47.889999,47.795
21/09/17,9503600,48.259998,47.9750005
22/09/17,6050000,48.220001,48.0049995
25/09/17,7205200,47.740002,47.92
26/09/17,7146100,47.459999,47.4300005
27/09/17,10314600,48.07,48.08
28/09/17,5960700,48.150002,48.129999
29/09/17,5200500,48.169998,48.1049995
02/10/17,6096900,48.919998,48.535
03/10/17,6432400,49.279999,49.054998
04/10/17,5372900,49.009998,49.045
05/10/17,11491100,49.630001,49.369999
06/10/17,5159400,49.759998,49.76
09/10/17,6333800,49.380001,49.6550005
10/10/17,5903500,49.490002,49.335001
11/10/17,5364600,49.18,49.2800005
12/10/17,6915100,48.59,48.8999995
13/10/17,7224500,48.299999,48.120001
16/10/17,8178900,48.939999,48.615002
17/10/17,15535000,49.119999,49.6500015
18/10/17,12094900,50.150002,49.91
19/10/17,10053100,49.790001,49.57
20/10/17,8454500,50.68,50.5650005
23/10/17,6265800,50.610001,50.7449985
24/10/17,7849700,51.07,51.09
25/10/17,9645800,50.529999,50.719999
26/10/17,9715700,50.77,50.8900015
27/10/17,9261100,51.16,50.929998
30/10/17,9020900,50.459999,50.375
31/10/17,9283000,50,50.335001
01/11/17,7842900,49.630001,50.0249995
02/11/17,7902300,50.419998,49.9749985
03/11/17,5916800,50.02,50.039999
06/11/17,4844200,50.139999,50.0249995
07/11/17,8823800,49.389999,49.924999
08/11/17,8435700,49.040001,49.0550005
09/11/17,6189500,48.82,48.7699985
10/11/17,5436500,48.759998,48.960001
13/11/17,5730400,48.630001,48.5
14/11/17,5968500,48.380001,48.254999
15/11/17,9749600,48.099998,47.9749985
16/11/17,7789000,48.599998,48.6049995
17/11/17,4992600,48.700001,48.530001
20/11/17,4574600,49.110001,48.9699995
21/11/17,6037000,49.380001,49.5249995
22/11/17,3785900,49.09,49.3449995
24/11/17,2692900,49.060001,49.215
27/11/17,5025600,49,49.0149995
28/11/17,9001200,50.400002,49.7299995
29/11/17,9441100,51.32,51.3099995
30/11/17,12158200,51.610001,51.960001
01/12/17,10014000,51.950001,51.4800015
04/12/17,10640100,52.68,53.0199985
05/12/17,7959700,52.009998,52.369999
06/12/17,7701600,51.689999,51.9
07/12/17,8765600,52.349998,51.994999
08/12/17,6488900,52.889999,52.570002
11/12/17,6316900,52.77,52.709999
12/12/17,8152000,53.849998,53.414999
13/12/17,10568400,53.18,53.6849995
14/12/17,8190100,52.639999,53.215
15/12/17,12708000,53.099998,53.0650005
18/12/17,8443000,53.240002,53.4349995
19/12/17,7630600,52.93,53.245001
20/12/17,6435100,52.509998,52.985001
21/12/17,11350600,52.880001,52.93
22/12/17,6153800,52.720001,52.6800005
26/12/17,3313800,52.470001,52.424999
27/12/17,5786800,52.57,52.3500005
28/12/17,3736700,52.650002,52.6
29/12/17,5804600,52.470001,52.5949995
02/01/18,6644600,52.189999,52.4799995
03/01/18,6955500,52.330002,52.2349985
04/01/18,8678800,53.130001,53.0199985
05/01/18,6476000,53.110001,52.990002
08/01/18,6681400,52.889999,52.9299985
09/01/18,6622700,53.299999,53.27
10/01/18,11028800,53.93,54.0450005
11/01/18,8310000,54.200001,54.08
12/01/18,8998000,55.119999,54.8299995
16/01/18,11168500,54.599998,55.0900005
17/01/18,11905200,55.349998,54.6350005
18/01/18,13953900,55.84,55.540001
19/01/18,15124200,57.459999,56.5949995
22/01/18,16858300,57.360001,56.8050005
23/01/18,9372200,56.91,56.9800015
24/01/18,8403600,57.240002,57.315001
25/01/18,9463800,56.810001,56.99
26/01/18,8382200,57.599998,57.1849995
29/01/18,7493500,57.450001,57.7299995
30/01/18,7321200,56.599998,56.92
31/01/18,7193100,56.549999,56.705002
01/02/18,7474400,57.450001,56.914999
02/02/18,9783700,55.48,56.34
05/02/18,13439000,52.549999,53.7749995
06/02/18,17628700,54.330002,52.6300015
07/02/18,11541700,54.549999,54.799999
08/02/18,14073100,51.790001,53.2200015
09/02/18,15736400,52.139999,51.465
12/02/18,11712900,53.43,53.379999
13/02/18,8659500,53.389999,53.370001
14/02/18,10536300,55.049999,54.179998
15/02/18,7769900,55.400002,55.09
16/02/18,7448200,55.139999,55.2600005
20/02/18,7709400,55.060001,55.195002
21/02/18,8363000,55.099998,55.6450005
22/02/18,6111600,54.860001,55.2600005
23/02/18,6687100,56.07,55.585001
26/02/18,7795800,57.009998,56.6049995
27/02/18,11757700,56.720001,57.244999
28/02/18,9599100,56.02,56.8199995
01/03/18,12093900,54.490002,55.3500005
02/03/18,12154100,54.740002,54.1899985
05/03/18,7598500,55.490002,55.1399995
06/03/18,9762300,56.560001,56.0599995
07/03/18,8181000,56.880001,56.365
08/03/18,7553500,56.959999,56.5699995
09/03/18,10536000,58.669998,58.0200005
12/03/18,8123200,58.91,58.965
13/03/18,6031100,58.029999,58.58
14/03/18,8384300,56.990002,57.6099985
15/03/18,5648700,57.220001,57.24
16/03/18,9144800,57.509998,57.675001
19/03/18,8117800,56.950001,56.9299985
20/03/18,8426700,57.470001,57.379999
21/03/18,8676000,57.110001,57.5299985
22/03/18,14900500,54.639999,55.589998
23/03/18,16707800,52.07,53.455
26/03/18,11913700,54.299999,53.5349995
27/03/18,12389400,53.150002,53.7650015
28/03/18,11262300,52.91,52.7000005
29/03/18,7349200,53.959999,53.7299995
02/04/18,9311000,52.720001,52.9799995
03/04/18,10335800,53.169998,52.8999995
04/04/18,6692100,53.669998,52.955
05/04/18,9968200,54.860001,54.7700005
06/04/18,9578500,53.040001,53.505001
09/04/18,8111600,53.349998,53.9500005
10/04/18,8836300,54.139999,54.050001
11/04/18,12121200,52.740002,53.0450005
12/04/18,9315200,53.849998,53.799999
13/04/18,12364000,52.98,53.8150005
16/04/18,7282200,53.400002,53.6450005
17/04/18,14505300,53.240002,53.434999
18/04/18,17524000,53.259998,53.965
19/04/18,13873700,54.700001,54.085001
20/04/18,10183600,54.459999,54.715
23/04/18,8523600,53.639999,53.960001
24/04/18,10742700,53.07,53.529999
25/04/18,12623000,52.040001,52.3449995
26/04/18,14668900,52.200001,52.134998
27/04/18,7784500,51.860001,52.1449985
30/04/18,8209700,51.619999,52.040001
01/05/18,8498300,51.810001,51.449999
02/05/18,8931000,51.700001,52.0249995
03/05/18,11438000,51.080002,50.664999
04/05/18,10368700,51.400002,51.1499995
07/05/18,6576100,52.389999,52.08
08/05/18,11578100,53.380001,53.0749985
09/05/18,7114800,54.139999,53.705
10/05/18,8208600,55.040001,54.530001
11/05/18,6063100,55.200001,55.210001
14/05/18,5816000,55.220001,55.375
15/05/18,7523400,54.849998,54.959999
16/05/18,4517700,54.970001,54.834999
17/05/18,4576800,54.869999,54.745001
18/05/18,6702400,53.919998,54.3999995
21/05/18,5901700,54.360001,54.5900005
22/05/18,5930400,54.880001,54.9250015
23/05/18,6529700,54.349998,54.120001
24/05/18,6637300,54,53.7299995
25/05/18,10152800,53.009998,53.2750015
29/05/18,26605100,49.959999,50.914999
30/05/18,11542600,50.970001,50.6450005
31/05/18,15150400,50.139999,50.3400005
01/06/18,10003900,51.209999,51.17
04/06/18,5523800,51.549999,51.58
05/06/18,9136000,50.779999,51.084999
06/06/18,7945800,51.91,51.4800015
07/06/18,8477600,52.139999,52.290001
08/06/18,6412900,51.91,51.875
11/06/18,6810400,51.779999,52.1049995
12/06/18,8953300,51.32,51.535
13/06/18,7981400,51.599998,51.8150005
14/06/18,8620700,51.310001,51.4099995
15/06/18,11505700,51.16,51
18/06/18,7493900,50.77,50.695
19/06/18,12490100,49.919998,49.8400005
20/06/18,6570800,49.889999,50.1100005
21/06/18,11018400,49.790001,49.5499995
22/06/18,12896400,48.889999,49.67
25/06/18,14684200,47.93,48.125
26/06/18,12097800,47.790001,47.58
27/06/18,11635900,47.189999,47.8449995
28/06/18,14183300,48.290001,47.885
29/06/18,13592200,47.400002,48.3250005
02/07/18,8655100,47.720001,47.27
03/07/18,5037800,47.02,47.414999
05/07/18,10577300,46.700001,46.945002
06/07/18,7269300,47.09,46.785
09/07/18,9412500,48.41,47.8950005
10/07/18,9238800,48.099998,48.320002
11/07/18,6089500,47.75,47.83
12/07/18,7774700,48.02,48.0349995
13/07/18,9747600,48.080002,47.940001
16/07/18,8724000,48.900002,48.6450005
17/07/18,11138300,49.18,48.9700015
18/07/18,18407300,50.560001,50.7749995
19/07/18,11363600,49.849998,50.375
20/07/18,8910000,50.27,50.09
23/07/18,7728900,50.740002,50.625
24/07/18,7254900,50.98,51.1849995
25/07/18,7483100,51.040001,50.7600005
26/07/18,5524900,50.990002,51.1399995
27/07/18,7252100,51.049999,51.0149995
30/07/18,10123700,50.900002,50.8700005
31/07/18,9714900,50.560001,50.6200005
01/08/18,9194600,50.18,50.6100005
02/08/18,7882500,49.810001,49.6399995
03/08/18,5426100,49.91,49.945
06/08/18,5086900,49.990002,49.8449995
07/08/18,5632300,50.130001,50.469999
08/08/18,5884100,50.119999,50.17
09/08/18,7583400,49.439999,49.83
10/08/18,14321600,48.389999,48.514999
13/08/18,11445900,47.349998,47.8799995
14/08/18,8695500,47.860001,47.7200015
15/08/18,9496100,47.450001,47.305
16/08/18,8264500,48.299999,48.1949995
17/08/18,5854500,48.369999,48.3899995
20/08/18,7898200,48.290001,48.370001
21/08/18,9632000,48.540001,48.4749985
22/08/18,4952000,48.599998,48.450001
23/08/18,7699300,48.130001,48.3500005
24/08/18,5620600,48.139999,48.3549995
27/08/18,13317400,49.889999,49.259998
28/08/18,7419100,50,50.1550005
29/08/18,7856700,49.950001,49.8850005
30/08/18,11399900,49.299999,49.545
31/08/18,7698400,48.830002,48.83
04/09/18,8548700,48.709999,48.545
05/09/18,5527500,48.720001,48.7799985
06/09/18,7990500,47.93,48.25
07/09/18,7285200,48.220001,48.1400015
10/09/18,4925000,47.939999,48.1900005
11/09/18,5011700,47.860001,47.715
12/09/18,6231800,47.48,47.679998
13/09/18,8380100,47.720001,47.799999
14/09/18,6955500,48.189999,48.179998
17/09/18,6726500,47.68,48.050001
18/09/18,7082500,47.849998,47.795
19/09/18,12489100,49.099998,48.620001
20/09/18,11810000,49.880001,50.039999
21/09/18,21450400,49.41,49.5600015
24/09/18,7917600,48.560001,48.9650005
25/09/18,9007500,48.279999,48.7199995
26/09/18,8443100,47.700001,48.0150015
27/09/18,12204900,47.77,47.8549995
28/09/18,14187300,46.57,46.9750005
01/10/18,9710100,46.630001,46.9150005
02/10/18,9589100,46.630001,46.5550005
03/10/18,8985300,47.110001,47.355
04/10/18,7722200,47.27,47.4500005
05/10/18,7938900,46.75,47.0149995
08/10/18,7054500,47.02,46.76
09/10/18,9999500,46.16,46.375
10/10/18,14143800,44.619999,45.465
11/10/18,21746900,43.490002,43.9749985
12/10/18,16049300,43.43,43.7250005
15/10/18,11986800,43.470001,43.42
16/10/18,24174900,45.939999,45.3400005
17/10/18,22121900,47.189999,46.6849995
18/10/18,14873900,46.029999,46.620001
19/10/18,14931200,46.419998,46.1849995
22/10/18,11166700,45.110001,45.9050005
23/10/18,15095300,44.52,44.060001
24/10/18,15067400,43.490002,44.0650005
25/10/18,13838500,44.549999,44.455
26/10/18,12997100,43.970001,43.885
29/10/18,12869800,43.950001,44.1850015
30/10/18,14780300,44.5,44.0750005
31/10/18,16928300,45.66,45.7250005
01/11/18,8679900,45.889999,45.825001
02/11/18,10478800,45.950001,46.245001
05/11/18,12318900,45.82,45.995001
06/11/18,10737300,45.720001,45.6800005
07/11/18,9951200,46.610001,46.220001
08/11/18,9484100,46.43,46.5249995
09/11/18,10017900,45.73,46.0450005
12/11/18,14302000,44.130001,44.884998
13/11/18,12346100,44.68,44.2800005
14/11/18,13265200,43.849998,44.8999995
15/11/18,14057400,44.299999,43.7849995
16/11/18,9775000,44.130001,43.9050005
19/11/18,9856700,44.41,44.415001
20/11/18,16035600,43.099998,43.2749995
21/11/18,7961900,43.73,43.690001
23/11/18,4822400,43.080002,43.33
26/11/18,8862900,44.279999,44.210001
27/11/18,8035900,44.049999,44.115002
28/11/18,12380800,45.310001,44.5999985
29/11/18,9202900,44.509998,44.705
30/11/18,11282500,44.389999,44.2600005
03/12/18,15437000,45.41,45.5699995
04/12/18,18401400,43.119999,43.744999
06/12/18,17552400,42.610001,41.855
07/12/18,15499400,41.32,42.005001
10/12/18,16323200,40.709999,40.4899995
11/12/18,13619400,40.619999,41.0300005
12/12/18,14207600,40.810001,41.2799985
13/12/18,15964600,40.599998,40.7250005
14/12/18,17332200,39.639999,40.234999
17/12/18,15786300,39.599998,39.84
18/12/18,14538300,39.889999,40.2299995
19/12/18,19412300,39.299999,39.960001
20/12/18,27520300,38.91,39.1100005
21/12/18,21528400,37.68,38.6050015
24/12/18,11444400,37.009998,37.370001
26/12/18,16814200,39.299999,38.0900005
27/12/18,13897900,39.66,39.050001
28/12/18,12854200,39.369999,39.4699995
31/12/18,9518100,39.650002,39.575001
02/01/19,10648000,40.400002,39.7399995
03/01/19,13034500,39.68,39.7350005
04/01/19,14371600,41.299999,40.9300005
07/01/19,11812400,41.709999,41.57
08/01/19,11398200,41.450001,41.745001
09/01/19,9223000,41.740002,41.7299995
10/01/19,7560800,41.66,41.6000005
11/01/19,8191900,41.740002,41.414999
14/01/19,12336300,42.48,41.955
15/01/19,11737000,42.880001,42.5100005
16/01/19,30530400,44.490002,44.3899995
17/01/19,47037200,42.529999,42.3950005
18/01/19,20614400,43.689999,43.1650005
22/01/19,20202400,42.41,42.335001
23/01/19,15583900,42.150002,42.1399995
24/01/19,13421600,42.049999,42.210001
25/01/19,13422700,42.98,42.8999995
28/01/19,10396600,42.650002,42.3950005
29/01/19,9916400,42.490002,42.405001
30/01/19,12347900,42.790001,42.5200005
31/01/19,11163400,42.299999,42.424999
01/02/19,13322100,41.82,42.2600005
04/02/19,8715300,42.459999,42.0699995
05/02/19,9971500,42.450001,42.390001
06/02/19,9744000,42.380001,42.469999
07/02/19,12745400,41.48,41.6100005
08/02/19,13993900,40.810001,40.7299995
11/02/19,17058300,40.209999,40.6350005
12/02/19,12400800,41.150002,41.075001
13/02/19,9528300,41.189999,41.5949995
14/02/19,10414200,40.720001,40.904999
15/02/19,13289700,41.990002,41.6050015
19/02/19,9401700,42.16,41.8549995
20/02/19,10031600,42.419998,42.25
21/02/19,9603600,41.959999,42.1049995
22/02/19,10132100,41.790001,41.92
25/02/19,10804700,42.189999,42.485001
26/02/19,10404400,42.41,42.1550005
27/02/19,6916600,42.560001,42.4799995
28/02/19,12299900,41.98,42.2299995
01/03/19,12336100,42.5,42.6099985
04/03/19,12115100,42,42.4499985
05/03/19,10449100,41.900002,41.615
06/03/19,7062700,41.619999,41.84
07/03/19,12502100,41.169998,40.9899995
08/03/19,11748400,41.360001,40.950001
11/03/19,7191600,41.849998,41.9349995
12/03/19,7204400,42.029999,42.0049995
13/03/19,9269000,42.41,42.4250015
14/03/19,8351200,42.689999,42.6099985
15/03/19,18992600,43.330002,43.005001
18/03/19,10305900,44.029999,43.84
19/03/19,12548500,43.950001,44.385
20/03/19,15078500,43.029999,43.3649995
21/03/19,14576200,43.130001,42.915001
22/03/19,25416800,41.720001,42
25/03/19,14504100,41.25,41.42
26/03/19,9615400,41.880001,41.785
27/03/19,11251600,41.369999,41.67
28/03/19,8397000,41.93,41.675001
29/03/19,11811400,42.200001,42.300001
01/04/19,25813300,43.529999,43.3500005
02/04/19,13101200,43.700001,43.549999
03/04/19,11712100,44.380001,44.34
04/04/19,9119900,44.93,44.785002
05/04/19,8633900,44.900002,45.0550005
08/04/19,10898900,44.98,44.6750015
09/04/19,7436200,44.259998,44.3099995
10/04/19,6703400,44.450001,44.3599985
11/04/19,7872700,44.799999,44.7750015
12/04/19,21641900,46.689999,46.4699995
15/04/19,11669000,46.080002,46.3549995
16/04/19,13358600,47.02,46.6399995
17/04/19,19610000,48.259998,47.84
18/04/19,19906500,47.549999,47.715
22/04/19,7042100,47.290001,47.2150005
23/04/19,8163700,47.349998,47.1499995
24/04/19,9042500,47.380001,47.33
25/04/19,5585900,47.290001,47.375
26/04/19,7661100,47.889999,47.574999
29/04/19,9702200,48.459999,48.209999
30/04/19,8104600,48.25,48.24
01/05/19,9056300,47.57,48.0149995
02/05/19,7680500,47.810001,47.7150005
03/05/19,5829700,48.060001,48.155001
06/05/19,6310000,47.709999,47.3500005
07/05/19,10365100,46.709999,46.7250005
08/05/19,7340300,46.529999,46.83
09/05/19,8102300,46.450001,45.990002
10/05/19,9749200,46.34,46.0649985
13/05/19,16506200,44.18,44.6049995
14/05/19,17302200,44.009998,44.285
15/05/19,10703100,43.900002,43.57
16/05/19,9305000,44.279999,44.3199995
17/05/19,8411700,43.880001,43.91
20/05/19,8951600,43.869999,43.745001
21/05/19,5936200,44.389999,44.334999
22/05/19,10109600,43.490002,43.8649995
23/05/19,13128900,42.709999,42.485001
24/05/19,6172300,42.959999,42.945
28/05/19,10539500,42.169998,42.615
29/05/19,9808700,42.189999,41.905001
30/05/19,7797200,41.830002,42.08
31/05/19,11328600,40.689999,40.9399985
03/06/19,10133200,40.73,40.76
04/06/19,11860900,42.48,41.9750005
05/06/19,6421300,42.43,42.3099995
06/06/19,5741500,42.810001,42.570002
07/06/19,7546200,42.700001,42.825001
10/06/19,8693100,43.290001,43.5200005
11/06/19,10654600,43.669998,43.795
12/06/19,8073800,42.619999,42.99
13/06/19,7530900,42.950001,42.880001
14/06/19,7102600,42.82,42.8649995
17/06/19,5658700,42.509998,42.7600005
18/06/19,10094500,43.34,43.125
19/06/19,8034300,43.139999,43.5100005
20/06/19,9922800,43.459999,43.4700015
21/06/19,18450800,43.580002,43.8049985
24/06/19,8141400,43.07,43.445002
25/06/19,10232900,42.66,42.620001
26/06/19,7826400,42.990002,43.0200005
27/06/19,7459800,43.490002,43.365002
28/06/19,15445600,43.810001,44.155001
01/07/19,12225100,43.950001,44.2900005
02/07/19,8234800,43.830002,43.665001
03/07/19,4470800,43.990002,43.985001
05/07/19,6276000,44.209999,44.445
08/07/19,7060200,43.490002,43.625
09/07/19,5941900,43.779999,43.4449995
10/07/19,5311000,43.310001,43.610001
11/07/19,8799200,44.18,43.8550015
12/07/19,9565700,44.869999,44.6400015
15/07/19,7870700,44.43,44.6499995
16/07/19,10170900,44.43,44.6650005
17/07/19,9131800,43.77,43.99
18/07/19,11187500,44.43,44.014999
19/07/19,10083600,44.389999,44.5200005
22/07/19,7091800,44.5,44.2699985
23/07/19,9859600,45.099998,45.0300005
24/07/19,8092200,45.5,45.285
25/07/19,8733800,44.869999,45.084999
26/07/19,8321000,45.740002,45.34
29/07/19,8667000,45.23,45.4
30/07/19,7339100,44.669998,44.509998
31/07/19,8317100,44.560001,44.6350005
01/08/19,12963900,42.93,43.7150005
02/08/19,16089900,42.119999,41.995001
05/08/19,15311100,40.490002,40.4699995
06/08/19,10481200,41.220001,40.9000015
07/08/19,14108500,40.560001,40.0650005
08/08/19,9884400,41.27,41.049999
09/08/19,11011400,41.5,41.235001
12/08/19,8775000,40.360001,40.530001
13/08/19,10896700,40.689999,40.705002
14/08/19,17133400,39.330002,39.205
15/08/19,10818600,39.099998,39.174999
16/08/19,9742800,39.939999,39.8049985
19/08/19,7803000,40.369999,40.530001
20/08/19,11350000,39.900002,40.0600015
21/08/19,9876100,39.939999,40.1800005
22/08/19,8126000,40.27,40.169998
23/08/19,12310800,39.330002,39.7550015
26/08/19,10408600,40.16,39.9850005
27/08/19,8742900,39.790001,39.8950005
28/08/19,9881900,40.380001,40.0249995
29/08/19,12191900,41.290001,41.1849995
30/08/19,7427000,41.490002,41.584999
03/09/19,8675300,40.990002,40.719999
04/09/19,6829900,41.529999,41.494999
05/09/19,8101600,42.470001,42.705
06/09/19,7012700,42.18,42.2799985
09/09/19,11888800,43.110001,43.0150015
10/09/19,12292700,43.580002,43.435001
11/09/19,9877900,43.939999,43.574999
12/09/19,13254300,44.32,43.91
13/09/19,11364500,45.16,45.0900005
16/09/19,6289800,44.75,44.6999985
17/09/19,9768500,44.209999,44.0249995
18/09/19,8283800,44.360001,44.070002
19/09/19,6403500,44.02,44.1900005
20/09/19,22404600,43.669998,44.1149995
23/09/19,7114600,43.560001,43.359999
24/09/19,11246400,42.540001,43.0699995
25/09/19,6909400,43.040001,42.754999
26/09/19,5343800,42.619999,42.795
27/09/19,8005200,42.84,42.84
30/09/19,6213700,42.669998,42.8900015
01/10/19,13437200,41.380001,41.950001
02/10/19,12052500,40.23,40.59
03/10/19,12293600,40.25,39.799999
04/10/19,5631400,40.779999,40.5
07/10/19,6323600,40.68,40.83
08/10/19,8309000,39.82,39.945
09/10/19,8955700,40.439999,40.3400005
10/10/19,8207100,41.049999,41.08
11/10/19,14914600,41.93,42.245001
14/10/19,6644500,42.25,41.9950005
15/10/19,10112800,42.529999,42.414999
16/10/19,10088900,42.790001,42.8000015
17/10/19,17965100,43.439999,43.9699995
18/10/19,10493900,43.66,43.5450005
21/10/19,14244800,44.98,44.585001
22/10/19,12366600,45.380001,45.0949995
23/10/19,8328000,45.91,45.514999
24/10/19,7469800,45.759998,45.8199995
25/10/19,9576400,46.369999,46.035
28/10/19,10276000,46.84,46.8150005
29/10/19,7773600,46.830002,46.7299995
30/10/19,7101400,46.259998,46.0600015
31/10/19,9414100,46.049999,45.795