Date,MKT,SMB,HML,MOM,RF
20141117,-0.05,-0.98,0.27,0.59,0
20141118,0.51,0.04,-0.36,0.64,0
20141119,-0.21,-0.93,-0.06,-0.06,0
20141120,0.31,0.87,-0.02,-0.73,0
20141121,0.48,-0.39,-0.08,-0.38,0
20141124,0.4,0.94,-0.58,0.12,0
20141125,-0.08,0.06,-0.04,0.48,0
20141126,0.3,0.1,-0.46,0.97,0
20141128,-0.35,-0.93,-1.02,1.23,0
20141201,-0.9,-0.96,0.61,0.32,0
20141202,0.65,0.41,0.05,0.8,0
20141203,0.46,0.46,0.3,-0.21,0
20141204,-0.17,-0.32,0.08,0.93,0
20141205,0.25,0.57,0.25,0.42,0
20141208,-0.82,-0.58,0.27,1.13,0
20141209,0.13,1.71,-0.29,-0.37,0
20141210,-1.72,-0.61,-0.1,0.66,0
20141211,0.49,-0.08,-0.2,0.2,0
20141212,-1.55,0.48,-0.58,0.04,0
20141215,-0.68,-0.26,0.11,0.16,0
20141216,-0.8,0.63,0.59,-0.6,0
20141217,2.15,0.85,-0.1,-0.66,0
20141218,2.36,-0.88,-0.21,0.26,0
20141219,0.43,-0.22,0.19,-1.03,0
20141222,0.37,0.19,-0.04,0.21,0
20141223,0.21,-0.26,1.05,-0.93,0
20141224,0.07,0.36,-0.17,0.73,0
20141226,0.39,0.37,-0.32,0.08,0
20141229,0.13,0.16,0.56,-0.18,0
20141230,-0.48,0.06,0.35,-0.08,0
20141231,-0.93,0.49,-0.39,-0.48,0
20150102,-0.11,-0.59,0.09,-0.1,0
20150105,-1.84,0.33,-0.63,1.19,0
20150106,-1.04,-0.78,-0.26,0.48,0
20150107,1.19,0.17,-0.65,0.93,0
20150108,1.81,-0.12,-0.28,0.13,0
20150109,-0.85,0.01,-0.51,0.04,0
20150112,-0.79,0.37,-0.37,0.91,0
20150113,-0.19,0.28,0.03,0.32,0
20150114,-0.6,0.29,-0.5,0.06,0
20150115,-1.08,-0.95,0.64,0.77,0
20150116,1.36,0.46,-0.15,-0.25,0
20150120,0.11,-0.66,-0.55,0.74,0
20150121,0.42,-0.95,0.55,-1,0
20150122,1.58,0.46,0.41,0.32,0
20150123,-0.47,0.51,-0.82,0.11,0
20150126,0.42,0.56,-0.05,-0.85,0
20150127,-1.21,0.67,0.23,-0.42,0
20150128,-1.39,-0.08,-0.77,1.22,0
20150129,0.98,0.24,-0.01,0.62,0
20150130,-1.3,-0.77,0.03,-2.65,0
20150202,1.25,-0.46,1,-0.8,0
20150203,1.49,0.17,0.51,-1.21,0
20150204,-0.35,-0.07,-0.21,0.79,0
20150205,1.1,0.47,-0.16,-0.71,0
20150206,-0.2,0.07,0.39,-0.8,0
20150209,-0.46,-0.39,0.09,-0.68,0
20150210,1.04,-0.32,-0.7,1.22,0
20150211,0.03,-0.11,-0.33,0.45,0
20150212,1,0.16,-0.09,-0.46,0
20150213,0.47,0.18,-0.29,-1.3,0
20150217,0.17,-0.02,0,0.01,0
20150218,0.03,0.29,-0.81,0.65,0
20150219,-0.01,0.27,-0.35,-0.55,0
20150220,0.61,-0.41,-0.26,0.57,0
20150223,-0.08,0.04,-0.38,0.95,0
20150224,0.32,-0.04,0.69,-0.03,0
20150225,0.02,0.22,-0.51,-1.01,0
20150226,-0.08,0.62,-0.49,0.34,0
20150227,-0.36,-0.21,0.22,-0.21,0
20150302,0.62,0.23,-0.43,0.36,0
20150303,-0.43,-0.31,0.3,-0.39,0
20150304,-0.41,0.09,-0.4,0.04,0
20150305,0.15,0.24,-0.43,-0.02,0
20150306,-1.29,0.27,0.43,0.11,0
20150309,0.37,0.08,-0.02,0.82,0
20150310,-1.63,0.42,-0.47,0.48,0
20150311,-0.04,0.57,0.52,-0.03,0
20150312,1.28,0.38,0.5,0.67,0
20150313,-0.57,0.2,-0.04,0.75,0
20150316,1.23,-0.77,-0.42,0.65,0
20150317,-0.2,0.54,-0.03,0.21,0
20150318,1.08,-0.51,0,-0.86,0
20150319,-0.36,0.87,-1.11,0.95,0
20150320,0.81,-0.14,0.54,-0.41,0
20150323,-0.19,0.21,0.24,-0.5,0
20150324,-0.51,0.58,-0.29,-0.31,0
20150325,-1.56,-0.98,1.04,-1.21,0
20150326,-0.22,0.11,-0.06,-0.01,0
20150327,0.32,0.5,-0.7,1.18,0
20150330,1.24,0.01,-0.04,0.19,0
20150331,-0.75,0.42,0.38,-0.23,0
20150401,-0.38,0.35,0.43,-0.16,0
20150402,0.35,-0.08,0.31,-0.58,0
20150406,0.61,-0.27,-0.15,-1.35,0
20150407,-0.22,-0.19,-0.16,-0.3,0
20150408,0.37,0.53,-0.72,1.28,0
20150409,0.41,-0.7,-0.06,-0.83,0
20150410,0.49,-0.07,-0.28,0.32,0
20150413,-0.38,0.49,0.23,0.05,0
20150414,0.11,-0.19,0.19,-1.19,0
20150415,0.57,0.25,0.32,-1.75,0
20150416,-0.08,-0.08,-0.21,0.57,0
20150417,-1.23,-0.46,0.23,0.09,0
20150420,0.95,0.16,-0.27,0.29,0
20150421,-0.1,0.19,-0.76,1.3,0
20150422,0.46,-0.37,0.16,-0.16,0
20150423,0.29,0.29,-0.22,-0.27,0
20150424,0.17,-0.51,-0.28,0.37,0
20150427,-0.54,-0.7,0.56,-1.27,0
20150428,0.27,0.21,1.02,-0.75,0
20150429,-0.38,-0.74,0.74,-1.17,0
20150430,-1.11,-1.06,0.77,-1.15,0
20150501,1.01,-0.31,-0.62,1.04,0
20150504,0.32,0.03,0.24,0.22,0
20150505,-1.19,-0.15,0.51,-0.43,0
20150506,-0.31,0.64,-0.14,0.41,0
20150507,0.39,0.04,-0.4,0.88,0
20150508,1.21,-0.57,-0.12,0.14,0
20150511,-0.39,0.67,-0.03,0.61,0
20150512,-0.27,0,0.07,-0.35,0
20150513,0.01,0,0.02,-0.1,0
20150514,1.01,-0.1,-0.35,0.88,0
20150515,0.05,-0.24,-0.2,-0.39,0
20150518,0.44,0.74,-0.09,0.74,0
20150519,-0.09,-0.12,0.23,0.88,0
20150520,-0.05,0.22,-0.13,-0.2,0
20150521,0.23,-0.29,-0.02,-0.57,0
20150522,-0.22,-0.12,-0.14,0.3,0
20150526,-1.01,-0.02,-0.01,0.42,0
20150527,0.93,0.32,-0.35,0.83,0
20150528,-0.12,0.1,0.13,0.24,0
20150529,-0.58,0.02,0.06,0.13,0
20150601,0.17,-0.04,-0.22,0.43,0
20150602,-0.02,0.32,0.33,-0.88,0
20150603,0.39,0.86,-0.24,0.32,0
20150604,-0.88,-0.1,-0.01,0.16,0
20150605,0.06,0.8,0.05,-0.22,0
20150608,-0.66,0.05,0.03,-0.03,0
20150609,0.02,-0.31,0.35,-0.03,0
20150610,1.2,0.15,0.19,-0.09,0
20150611,0.21,-0.1,-0.11,0.45,0
20150612,-0.63,0.33,0.13,0.1,0
20150615,-0.45,0.1,-0.13,0.31,0
20150616,0.57,0.1,0,0.13,0
20150617,0.16,-0.29,-0.63,0.16,0
20150618,0.99,0.21,-0.43,0.84,0
20150619,-0.43,0.56,-0.2,0.4,0
20150622,0.63,0.08,-0.06,0.19,0
20150623,0.12,0.24,0.27,-0.27,0
20150624,-0.79,-0.11,0.13,0.01,0
20150625,-0.25,0.36,-0.2,0.91,0
20150626,-0.06,-0.23,0.45,0,0
20150629,-2.15,-0.42,0.18,0.28,0
20150630,0.33,0.31,-0.67,0.69,0
20150701,0.6,-0.77,-0.06,1.64,0
20150702,-0.11,-0.56,-0.04,-0.34,0
20150706,-0.37,0.16,-0.55,1.43,0
20150707,0.53,-0.44,-0.25,-0.43,0
20150708,-1.68,-0.03,0.07,0.57,0
20150709,0.29,0.16,-0.02,0.02,0
20150710,1.24,0.23,-0.55,1.14,0
20150713,1.14,-0.07,-0.42,0,0
20150714,0.47,0.15,0.13,-0.29,0
20150715,-0.19,-0.81,-0.08,1.35,0
20150716,0.78,-0.17,-0.62,0.76,0
20150717,0.05,-0.6,-0.64,-0.04,0
20150720,-0.01,-0.72,-0.57,1.39,0
20150721,-0.47,0.03,0.29,-0.38,0
20150722,-0.18,0.18,0.19,1.14,0
20150723,-0.6,-0.36,-0.35,-0.16,0
20150724,-1.08,-0.61,-0.02,1.06,0
20150727,-0.74,-0.25,0.08,0.23,0
20150728,1.23,-0.34,-0.11,-0.91,0
20150729,0.74,-0.36,0.52,-1.06,0
20150730,0.12,0.17,-0.26,0.24,0
20150731,-0.15,0.82,-0.99,1.25,0
20150803,-0.35,-0.33,-0.16,1.18,0
20150804,-0.14,0.09,-0.19,0.28,0
20150805,0.36,0.01,-0.45,0.87,0
20150806,-0.88,-0.53,1.99,-2.2,0
20150807,-0.36,-0.46,-0.35,1.13,0
20150810,1.32,0.16,0.69,-2.11,0
20150811,-0.98,-0.08,0.42,0.13,0
20150812,0.07,-0.1,-0.28,-1.04,0
20150813,-0.14,-0.43,0.02,1.39,0
20150814,0.43,0.13,0.43,0.21,0
20150817,0.6,0.44,-0.87,0.73,0
20150818,-0.35,-0.64,0.35,0.21,0
20150819,-0.85,-0.12,-0.22,1.24,0
20150820,-2.24,-0.28,0.6,-0.4,0
20150821,-2.95,1.82,0.14,-0.11,0
20150824,-3.9,0.34,-0.43,0,0
20150825,-1.17,0.69,-0.61,0.9,0
20150826,3.68,-1.36,-0.38,0.46,0
20150827,2.4,-0.68,0.6,-2.13,0
20150828,0.23,0.98,0.08,-1.62,0
20150831,-0.74,0.78,1.42,-1.81,0
20150901,-2.91,0.32,-0.5,0.88,0
20150902,1.81,-0.17,-0.93,1.05,0
20150903,0.17,-0.32,0.73,-0.73,0
20150904,-1.39,0.9,-0.58,0.73,0
20150908,2.52,-0.37,-0.56,0.9,0
20150909,-1.34,0.16,0.12,0.32,0
20150910,0.49,-0.13,-0.31,0.3,0
20150911,0.44,-0.2,-0.7,1.26,0
20150914,-0.41,0.03,0.01,0.48,0
20150915,1.22,-0.19,0.24,-0.38,0
20150916,0.84,0.02,0.44,-1.77,0
20150917,-0.17,0.89,-1.49,1.08,0
20150918,-1.62,0.46,-0.95,1.3,0
20150921,0.36,-0.93,1.2,-0.11,0
20150922,-1.29,-0.27,0.14,0.39,0
20150923,-0.27,-0.17,-0.15,2.01,0
20150924,-0.36,0.25,0.56,-0.56,0
20150925,-0.22,-1.66,1.87,-0.54,0
20150928,-2.63,-0.27,1.17,-0.27,0
20150929,-0.07,-0.72,0.71,-0.39,0
20150930,1.88,-0.43,-0.48,0.39,0
20151001,0.13,-0.45,-0.04,0.64,0
20151002,1.48,0.34,-0.84,-2.22,0
20151005,1.93,0.62,0.77,-2.04,0
20151006,-0.43,-0.23,1.73,-3.17,0
20151007,0.94,0.7,-0.24,-0.36,0
20151008,0.84,0.24,0.76,-1.54,0
20151009,0.12,0.21,-1.08,0.43,0
20151012,0.06,-0.4,-0.07,1.89,0
20151013,-0.74,-0.73,0.69,-0.22,0
20151014,-0.6,-0.26,-0.03,-0.74,0
20151015,1.56,0.65,-0.15,0.64,0
20151016,0.36,-0.49,-0.35,0.81,0
20151019,0,0.16,-0.71,1.34,0
20151020,-0.15,0.02,1.2,-1.06,0
20151021,-0.74,-0.87,-0.18,0.42,0
20151022,1.5,-0.78,0.47,-0.75,0
20151023,1.09,-0.02,-0.59,1,0
20151026,-0.2,-0.35,-0.72,1.78,0
20151027,-0.42,-0.87,-0.88,1.72,0
20151028,1.43,1.41,0.64,-0.7,0
20151029,-0.2,-0.88,0.1,-0.48,0
20151030,-0.41,0.22,-0.55,-1.05,0
20151102,1.25,0.85,-0.02,-1.02,0
20151103,0.32,0.45,0.22,-1.57,0
20151104,-0.26,0.34,-0.33,0.72,0
20151105,-0.08,0.03,0.46,1.07,0
20151106,0.14,0.81,0.28,0.35,0
20151109,-0.95,-0.21,-0.04,0.28,0
20151110,0.13,-0.01,0.27,0.91,0
20151111,-0.43,-0.52,-0.18,1.41,0
20151112,-1.45,-0.51,-0.45,0.68,0
20151113,-1.06,0.31,0.39,-0.58,0
20151116,1.39,-0.57,0.45,-1.04,0
20151117,-0.11,-0.12,-0.66,0.87,0
20151118,1.61,0,-0.09,-0.56,0
20151119,-0.13,-0.26,-0.11,0.23,0
20151120,0.35,0.43,-0.42,0.9,0
20151123,-0.01,0.66,-0.35,0.04,0
20151124,0.21,0.7,0.26,-1.33,0
20151125,0.09,0.87,-0.55,-0.04,0
20151127,0.09,0.22,-0.29,0.79,0
20151130,-0.47,0.14,0.69,-0.67,0
20151201,0.97,-0.66,0.24,0.47,0
20151202,-1.01,0.25,-0.7,0.98,0
20151203,-1.5,-0.22,0.43,-0.06,0
20151204,1.86,-1.04,-0.52,1.96,0
20151207,-0.84,-0.86,-0.66,0.69,0
20151208,-0.59,0.48,-1.23,1.06,0
20151209,-0.83,-0.33,0.42,-1.46,0
20151210,0.3,0.11,-0.22,-0.55,0
20151211,-2.03,-0.22,-0.06,0.45,0
20151214,0.29,-1.05,-0.19,1.44,0
20151215,1.1,0.03,0.77,0.02,0
20151216,1.47,0.01,-0.64,-0.19,0
20151217,-1.46,0.38,-0.31,0.71,0
20151218,-1.7,0.76,-0.39,-0.78,0
20151221,0.74,-0.17,-0.06,-0.04,0
20151222,0.89,-0.04,0.51,-1.1,0
20151223,1.3,0.13,0.58,-1.91,0
20151224,-0.11,0.3,-0.03,0.09,0
20151228,-0.29,-0.48,-0.38,1.41,0
20151229,1.05,0.09,-0.31,0.23,0
20151230,-0.74,-0.17,-0.14,0.51,0
20151231,-0.92,-0.24,0.24,-0.98,0
20160104,-1.59,-0.83,0.53,-1.93,0
20160105,0.12,-0.22,0.01,0.63,0
20160106,-1.35,-0.12,-0.01,1.91,0
20160107,-2.44,-0.29,0.08,0.88,0
20160108,-1.11,-0.47,-0.03,-0.12,0
20160111,-0.06,-0.65,0.34,1.66,0
20160112,0.71,-0.4,-0.78,1.03,0
20160113,-2.67,-0.69,0.78,0.13,0
20160114,1.65,-0.01,-0.4,-0.59,0
20160115,-2.14,0.42,-0.21,0.38,0
20160119,-0.2,-1.34,-0.07,1.59,0
20160120,-0.94,1.85,-1.24,-0.03,0
20160121,0.45,-0.49,0.01,-2.7,0
20160122,2.08,0.22,-0.19,-0.18,0
20160125,-1.71,-0.36,-0.99,1.58,0
20160126,1.52,0.38,1.22,-1.96,0
20160127,-1.11,-0.54,1.71,-0.48,0
20160128,0.49,-0.47,1.25,0.38,0
20160129,2.57,0.46,0.37,-1.2,0
20160201,-0.04,-0.21,-0.95,0.38,0.001
20160202,-2,-0.03,-0.35,1.25,0.001
20160203,0.46,-0.31,0.45,-2.42,0.001
20160204,0.27,0.2,0.33,-2.16,0.001
20160205,-2.06,-1.1,1.75,-0.8,0.001
20160208,-1.51,-0.02,0.89,1.2,0.001
20160209,-0.1,-0.47,-0.28,1.84,0.001
20160210,0.01,-0.05,-0.55,0.75,0.001
20160211,-1.17,0.5,-1.47,0.53,0.001
20160212,1.98,-0.54,1.14,-1.25,0.001
20160216,1.78,0.55,-0.56,-1.38,0.001
20160217,1.75,-0.06,-0.64,-2.38,0.001
20160218,-0.51,0,0.21,0.1,0.001
20160219,0.06,0.43,-0.62,1.47,0.001
20160222,1.43,-0.27,0.24,-1.66,0.001
20160223,-1.22,0.47,-0.52,1.53,0.001
20160224,0.53,0.68,-0.33,-0.19,0.001
20160225,1.1,-0.43,0.22,0.48,0.001
20160226,-0.01,0.82,0.27,-2.06,0.001
20160229,-0.69,0.66,0.26,-0.83,0.001
20160301,2.34,-0.63,0.3,-0.17,0.001
20160302,0.54,0.5,0.7,-2.63,0.001
20160303,0.51,0.45,0.65,-2.06,0.001
20160304,0.37,0.27,0.29,-1.05,0.001
20160307,0.21,1.21,0.55,-2.41,0.001
20160308,-1.27,-1.14,-0.49,3.64,0.001
20160309,0.5,0.04,0.39,-0.1,0.001
20160310,-0.11,-0.81,0.63,0.6,0.001
20160311,1.69,0.26,0.19,-1.95,0.001
20160314,-0.12,-0.07,-0.87,-0.08,0.001
20160315,-0.36,-1.43,0.67,2.22,0.001
20160316,0.63,0.1,-0.04,-1.19,0.001
20160317,0.72,0.84,0.59,-0.9,0.001
20160318,0.54,0.34,-0.19,-0.83,0.001
20160321,0.1,-0.2,-0.31,-0.17,0.001
20160322,-0.05,-0.01,-0.44,-0.08,0.001
20160323,-0.86,-1.17,-0.09,3.18,0.001
20160324,0,0.46,-0.05,-0.57,0.001
20160328,0.04,-0.02,0.14,0.86,0.001
20160329,1.07,1.76,-1.18,-0.16,0.001
20160330,0.41,-0.28,0.15,0.07,0.001
20160331,-0.11,0.44,-0.48,-1.13,0.001
20160401,0.64,-0.25,-0.62,1.14,0
20160404,-0.41,-0.25,-0.74,0.51,0
20160405,-0.94,-0.08,-0.36,0.17,0
20160406,1.14,0.17,-0.82,-1.46,0
20160407,-1.23,-0.05,-0.35,0.28,0
20160408,0.29,0.02,0.69,-0.65,0
20160411,-0.28,-0.1,0.95,0.07,0
20160412,0.99,-0.06,0.85,-1.4,0
20160413,1.23,0.84,0.35,-1.34,0
20160414,0.03,-0.28,0.18,-0.14,0
20160415,-0.04,0.33,-0.32,0.44,0
20160418,0.65,0.09,-0.19,-0.34,0
20160419,0.29,-0.36,1.49,-0.63,0
20160420,0.15,-0.1,0.53,-1.05,0
20160421,-0.47,0.11,-0.59,-1.07,0
20160422,0.12,0.82,0.49,-1.26,0
20160425,-0.24,-0.58,-0.18,1.55,0
20160426,0.29,0.65,0.78,-0.84,0
20160427,0.21,0.09,0.68,-0.65,0
20160428,-0.96,-0.15,0.05,0.73,0
20160429,-0.5,-0.14,0.38,0.67,0
20160502,0.78,-0.01,-0.36,0.98,0.001
20160503,-1.05,-0.66,-0.5,1.61,0.001
20160504,-0.66,-0.15,0.06,1.32,0.001
20160505,-0.08,-0.5,0.09,0.27,0.001
20160506,0.38,0.05,0.24,0.34,0.001
20160509,0.05,0.36,-1.49,0.97,0.001
20160510,1.26,-0.4,0.47,-0.66,0.001
20160511,-0.89,-0.36,0.78,0.4,0.001
20160512,-0.11,-0.6,0.14,1.31,0.001
20160513,-0.82,0.38,-0.66,0.05,0.001
20160516,0.99,0.28,-0.24,-0.77,0.001
20160517,-0.95,-0.78,0.61,-1.58,0.001
20160518,0.1,0.1,0.83,0.32,0.001
20160519,-0.33,-0.32,-0.3,0.3,0.001
20160520,0.75,0.9,-0.3,-1.21,0.001
20160523,-0.18,0.26,-0.32,-0.23,0.001
20160524,1.43,0.68,-0.34,0.06,0.001
20160525,0.72,-0.21,0.57,-1.54,0.001
20160526,-0.04,-0.09,-0.51,0.44,0.001
20160527,0.49,0.33,-0.22,-0.22,0.001
20160531,-0.01,0.5,-0.36,-0.63,0.001
20160601,0.2,0.65,-0.25,-0.13,0.001
20160602,0.35,0.31,-0.59,-0.64,0.001
20160603,-0.38,-0.14,-0.1,0.62,0.001
20160606,0.6,0.68,0.32,-1.38,0.001
20160607,0.12,0.19,0.11,0,0.001
20160608,0.37,0.45,-0.11,0.56,0.001
20160609,-0.27,-0.4,-0.21,1.19,0.001
20160610,-1.05,-0.34,-0.17,1.56,0.001
20160613,-0.84,-0.36,0.1,0.23,0.001
20160614,-0.19,0.27,-0.71,0.58,0.001
20160615,-0.11,0.25,-0.06,-0.51,0.001
20160616,0.24,-0.34,-0.4,0.49,0.001
20160617,-0.3,-0.1,0.94,-1,0.001
20160620,0.71,0.61,-0.01,-0.32,0.001
20160621,0.21,-0.62,0.5,0.55,0.001
20160622,-0.2,-0.31,0.08,0.12,0.001
20160623,1.45,0.5,0.43,-1.09,0.001
20160624,-3.7,0.15,-1.13,2.02,0.001
20160627,-2.07,-0.95,-0.67,2.82,0.001
20160628,1.76,-0.39,0.14,-1.52,0.001
20160629,1.8,0.27,-0.07,-0.67,0.001
20160630,1.42,0.35,0.45,0.69,0.001
20160701,0.24,0.54,-0.41,-1.03,0.001
20160705,-0.85,-0.63,-1.36,1.88,0.001
20160706,0.62,0.17,-0.13,-0.43,0.001
20160707,0.02,0.35,-0.2,-0.54,0.001
20160708,1.6,0.89,0.35,-0.62,0.001
20160711,0.43,0.6,0.25,-0.13,0.001
20160712,0.75,0.63,1,-1.52,0.001
20160713,-0.05,-0.53,0.51,0.87,0.001
20160714,0.51,-0.46,0.45,-0.6,0.001
20160715,-0.05,0.3,0.01,-0.11,0.001
20160718,0.25,-0.02,-0.12,-0.69,0.001
20160719,-0.22,-0.63,0.05,0.65,0.001
20160720,0.48,0.45,-0.87,-0.8,0.001
20160721,-0.38,-0.05,-0.01,-0.33,0.001
20160722,0.48,0.23,-0.08,0.32,0.001
20160725,-0.27,-0.03,-0.24,-0.08,0.001
20160726,0.13,0.58,0.54,-0.25,0.001
20160727,-0.14,0.58,-0.42,-0.92,0.001
20160728,0.18,-0.41,-0.34,0.23,0.001
20160729,0.17,-0.02,0.04,0.14,0.001
20160801,-0.16,0.17,-0.87,-0.05,0.001
20160802,-0.7,-0.58,0.17,0.45,0.001
20160803,0.45,0.47,0.83,-1.64,0.001
20160804,0.05,0.09,-0.33,0.58,0.001
20160805,0.93,0.43,0.87,-1.27,0.001
20160808,-0.06,0.02,0.57,-0.45,0.001
20160809,0.05,-0.02,-0.31,0.45,0.001
20160810,-0.29,-0.45,-0.13,0.83,0.001
20160811,0.54,0.15,0.04,-0.71,0.001
20160812,-0.06,0.08,-0.18,-0.25,0.001
20160815,0.39,0.73,0.39,-1.06,0.001
20160816,-0.57,-0.26,0.61,-0.35,0.001
20160817,0.12,-0.55,0.25,0.4,0.001
20160818,0.32,0.46,0.37,0.04,0.001
20160819,-0.11,0.12,-0.12,-0.22,0.001
20160822,-0.02,0.25,-0.41,0.17,0.001
20160823,0.27,0.56,-0.01,-0.4,0.001
20160824,-0.56,-0.48,0.4,0.48,0.001
20160825,-0.08,0.2,0.48,0.45,0.001
20160826,-0.15,0.15,-0.13,-0.45,0.001
20160829,0.53,-0.07,0.35,-0.09,0.001
20160830,-0.14,0.1,0.31,-0.42,0.001
20160831,-0.24,-0.38,0.13,0.24,0.001
20160901,0.03,0.12,-0.49,0.62,0.001
20160902,0.53,0.39,0.36,0.03,0.001
20160906,0.26,0.06,-0.53,-0.16,0.001
20160907,0.09,0.62,0.03,-0.65,0.001
20160908,-0.18,-0.02,0.57,-0.68,0.001
20160909,-2.47,-0.56,0.31,-0.17,0.001
20160912,1.44,-0.01,-0.47,-0.25,0.001
20160913,-1.48,-0.25,-0.47,0.18,0.001
20160914,-0.08,0.11,-0.83,0.35,0.001
20160915,1.07,0.31,-0.33,0.1,0.001
20160916,-0.36,0.33,-0.45,0.1,0.001
20160919,0.05,0.39,0.17,0.05,0.001
20160920,-0.02,-0.21,-0.51,0.02,0.001
20160921,1.12,0.14,0.33,0.58,0.001
20160922,0.7,0.85,-0.06,-0.21,0.001
20160923,-0.6,-0.11,-0.19,-0.34,0.001
20160926,-0.88,-0.22,-0.35,0.45,0.001
20160927,0.64,-0.07,-0.53,0.03,0.001
20160928,0.56,0.23,1.1,0.26,0.001
20160929,-0.98,-0.41,0.54,0.41,0.001
20160930,0.88,0.38,0.35,-0.33,0.001
20161003,-0.26,-0.03,-0.13,-0.07,0.001
20161004,-0.46,0.03,0.09,-0.56,0.001
20161005,0.58,0.28,0.78,-0.79,0.001
20161006,-0.06,-0.26,0.37,0.76,0.001
20161007,-0.38,-0.51,0.16,0.19,0.001
20161010,0.52,0.57,0.01,0.03,0.001
20161011,-1.3,-0.6,0.49,0.05,0.001
20161012,0.06,-0.23,0.37,0.59,0.001
20161013,-0.42,-0.68,-0.63,0.1,0.001
20161014,0.01,-0.36,0.57,0.34,0.001
20161017,-0.29,-0.05,0.14,0.52,0.001
20161018,0.6,-0.17,0.03,-0.3,0.001
20161019,0.25,0.05,0.91,-0.35,0.001
20161020,-0.16,-0.03,-0.11,-0.4,0.001
20161021,0.02,-0.13,-0.31,-0.26,0.001
20161024,0.54,0.06,-0.17,0.43,0.001
20161025,-0.46,-0.59,0.23,0.06,0.001
20161026,-0.23,-0.85,0.74,-0.75,0.001
20161027,-0.33,-0.96,0.6,-0.18,0.001
20161028,-0.29,-0.1,0.11,0.5,0.001
20161031,0.02,0.02,0.13,0.83,0.001
20161101,-0.68,-0.35,0.18,-0.27,0.001
20161102,-0.73,-0.67,0.36,0.19,0.001
20161103,-0.4,-0.47,1.02,0.85,0.001
20161104,-0.12,0.85,-0.43,-0.59,0.001
20161107,2.23,0.19,-0.16,-0.23,0.001
20161108,0.4,-0.08,-0.2,0.6,0.001
20161109,1.46,1.83,1,-2.08,0.001
20161110,0.32,1.13,1.81,-1.92,0.001
20161111,0.18,2.49,-0.04,-0.18,0.001
20161114,0.21,0.58,1.43,-1.49,0.001
20161115,0.8,-0.55,0.14,0.75,0.001
20161116,-0.12,0.3,-0.55,0.78,0.001
20161117,0.56,0.13,-0.13,-0.1,0.001
20161118,-0.16,0.56,0.39,0.19,0.001
20161121,0.77,-0.25,0.08,0.37,0.001
20161122,0.31,0.54,0.58,0.51,0.001
20161123,0.16,0.52,0.19,-0.45,0.001
20161125,0.4,-0.08,-0.24,0.07,0.001
20161128,-0.64,-0.76,0.06,0.63,0.001
20161129,0.11,-0.36,-0.06,0.33,0.001
20161130,-0.25,-0.38,2.25,-0.79,0.001
20161201,-0.36,-0.67,2.05,-0.45,0.001
20161202,0,0.05,-0.32,0.44,0.001
20161205,0.75,1.09,0.29,-0.25,0.001
20161206,0.48,0.63,0.23,-0.46,0.001
20161207,1.26,-0.63,0.53,0.17,0.001
20161208,0.36,1.15,0.59,-0.38,0.001
20161209,0.46,-0.28,0.12,-0.72,0.001
20161212,-0.3,-0.93,-0.1,0.14,0.001
20161213,0.6,-0.51,-0.29,-0.12,0.001
20161214,-0.82,-0.36,-0.28,0.08,0.001
20161215,0.46,0.37,0.28,0.29,0.001
20161216,-0.22,0.05,-0.42,-0.79,0.001
20161219,0.22,0.32,0.08,0.13,0.001
20161220,0.44,0.42,0.68,0.45,0.001
20161221,-0.24,-0.38,0.24,0.29,0.001
20161222,-0.3,-0.75,0.24,0.27,0.001
20161223,0.19,0.56,-0.51,-0.42,0.001
20161227,0.27,0.21,0.13,0.27,0.001
20161228,-0.87,-0.27,0.09,-0.15,0.001
20161229,-0.04,0.13,-0.31,0.08,0.001
20161230,-0.52,-0.1,0.21,-0.3,0.001
20170103,0.83,-0.11,0.08,-0.61,0.002
20170104,0.79,0.95,-0.15,-0.39,0.002
20170105,-0.21,-0.87,-0.8,-0.65,0.002
20170106,0.29,-0.62,-0.31,-0.2,0.002
20170109,-0.37,-0.27,-1.04,-0.37,0.002
20170110,0.16,0.97,0.56,0.71,0.002
20170111,0.31,-0.31,0.53,0.76,0.002
20170112,-0.3,-0.58,-0.88,-0.53,0.002
20170113,0.29,0.63,-0.08,0.16,0.002
20170117,-0.49,-0.86,-0.59,-0.89,0.002
20170118,0.24,0.17,0.23,0.51,0.002
20170119,-0.38,-0.5,-0.03,0.35,0.002
20170120,0.33,0.06,0.18,0.19,0.002
20170123,-0.29,-0.02,-0.3,0.09,0.002
20170124,0.83,0.67,0.8,1.15,0.002
20170125,0.84,0.15,0.35,0.49,0.002
20170126,-0.1,-0.62,0.38,0.52,0.002
20170127,-0.12,0.03,-0.66,0.02,0.002
20170130,-0.68,-0.72,-0.42,-0.69,0.002
20170131,0,0.88,-0.55,-0.71,0.002
20170201,0.04,-0.05,0.03,0.44,0.002
20170202,-0.02,-0.26,-0.31,-0.52,0.002
20170203,0.82,0.54,0.64,0.82,0.002
20170206,-0.27,-0.57,-0.2,-0.28,0.002
20170207,-0.01,-0.3,-0.52,-0.26,0.002
20170208,0.06,-0.25,-0.53,-0.61,0.002
20170209,0.72,0.7,0.03,0.47,0.002
20170210,0.38,0.39,0.12,-0.35,0.002
20170213,0.49,-0.32,0.33,0.25,0.002
20170214,0.45,-0.23,0.33,0.1,0.002
20170215,0.54,0.19,-0.44,-0.27,0.002
20170216,-0.16,-0.21,-0.04,-0.08,0.002
20170217,0.2,-0.02,-0.57,-0.41,0.002
20170221,0.6,-0.03,0.13,0.09,0.002
20170222,-0.15,-0.38,0.11,-0.03,0.002
20170223,-0.11,-0.67,0.26,-0.59,0.002
20170224,0.15,0.04,-0.92,-0.58,0.002
20170227,0.22,0.82,-0.34,0.19,0.002
20170228,-0.42,-1.37,0.2,0.06,0.002
20170301,1.47,0.43,0.72,1.26,0.001
20170302,-0.7,-0.54,-0.89,-1.07,0.001
20170303,0.09,-0.22,0.15,0.62,0.001
20170306,-0.38,-0.35,-0.1,0.08,0.001
20170307,-0.36,-0.29,-0.05,0.13,0.001
20170308,-0.19,-0.11,-0.82,-0.7,0.001
20170309,0.04,-0.46,-0.28,-0.13,0.001
20170310,0.34,0.09,-0.39,-0.2,0.001
20170313,0.13,0.33,-0.02,0.54,0.001
20170314,-0.36,-0.23,0.02,-0.14,0.001
20170315,0.86,0.73,-0.41,-0.06,0.001
20170316,-0.06,0.45,0.24,-0.14,0.001
20170317,-0.08,0.62,-0.26,0.11,0.001
20170320,-0.25,-0.07,-0.75,0.03,0.001
20170321,-1.48,-1.34,-0.69,-1.7,0.001
20170322,0.16,-0.3,-0.54,0.22,0.001
20170323,-0.03,0.69,0.46,0.13,0.001
20170324,-0.05,0.13,-0.24,0.08,0.001
20170327,-0.05,0.56,-0.52,-0.34,0.001
20170328,0.72,-0.15,0.71,0.37,0.001
20170329,0.18,0.4,-0.07,-0.48,0.001
20170330,0.36,0.33,0.93,0.72,0.001
20170331,-0.16,0.58,-0.3,-0.04,0.001
20170403,-0.28,-1.1,-0.11,0.04,0.003
20170404,0.05,-0.22,0.31,0.38,0.003
20170405,-0.44,-0.79,-0.3,-0.45,0.003
20170406,0.32,0.69,0.49,0.03,0.003
20170407,-0.08,0.13,-0.26,-0.01,0.003
20170410,0.08,0.1,0.1,-0.91,0.003
20170411,-0.05,0.8,0.25,0.18,0.003
20170412,-0.49,-0.84,-0.52,-0.6,0.003
20170413,-0.75,-0.24,-0.79,-0.28,0.003
20170417,0.89,0.24,0.22,0.52,0.003
20170418,-0.25,0.35,-0.16,-0.02,0.003
20170419,-0.08,0.59,-0.38,0.18,0.003
20170420,0.83,0.51,0.27,0.43,0.003
20170421,-0.28,0.1,-0.13,0.17,0.003
20170424,1.18,0.17,0.52,0.95,0.003
20170425,0.66,0.36,-0.05,0.13,0.003
20170426,0.04,0.71,0.32,-0.28,0.003
20170427,0.05,-0.13,-0.96,0.23,0.003
20170428,-0.3,-0.67,-0.59,-0.1,0.003
20170501,0.21,0.27,-0.13,0.93,0.003
20170502,0.03,-0.46,-0.21,-0.62,0.003
20170503,-0.19,-0.54,0.2,0.03,0.003
20170504,0.02,-0.07,-0.35,-0.02,0.003
20170505,0.46,0.07,0.04,-0.31,0.003
20170508,-0.04,-0.25,0.29,0.13,0.003
20170509,-0.05,0.49,-0.79,-0.04,0.003
20170510,0.21,0.2,0.01,0.06,0.003
20170511,-0.26,-0.36,-0.14,0.06,0.003
20170512,-0.18,-0.29,-0.62,0.31,0.003
20170515,0.53,0.26,0.19,0.05,0.003
20170516,-0.03,0.16,-0.09,0.84,0.003
20170517,-1.97,-0.89,-0.53,-1.54,0.003
20170518,0.4,0.05,-0.4,0.64,0.003
20170519,0.7,-0.37,0.41,-0.19,0.003
20170522,0.56,0.28,-0.31,0.35,0.003
20170523,0.18,-0.09,0.61,0.49,0.003
20170524,0.24,-0.15,-0.49,0.12,0.003
20170525,0.42,-0.28,-0.77,0.58,0.003
20170526,0.06,-0.02,0.09,0.18,0.003
20170530,-0.19,-0.5,-0.32,0.07,0.003
20170531,-0.02,0.02,-0.56,-0.02,0.003
20170601,0.95,0.98,0.04,-0.48,0.003
20170602,0.35,0.54,-0.8,0.63,0.003
20170605,-0.17,-0.45,0,0.05,0.003
20170606,-0.28,0.1,-0.07,-0.03,0.003
20170607,0.15,-0.19,0.02,1.36,0.003
20170608,0.18,1.16,0.92,0.93,0.003
20170609,-0.12,0.02,2.39,-1.58,0.003
20170612,-0.11,-0.27,0.35,-1.16,0.003
20170613,0.55,0.09,-0.14,0.52,0.003
20170614,-0.17,-0.47,-0.55,-0.22,0.003
20170615,-0.3,-0.24,-0.12,0.28,0.003
20170616,-0.03,-0.22,-0.18,0.12,0.003
20170619,0.86,0.11,-0.75,0.76,0.003
20170620,-0.73,-0.4,-0.51,0.16,0.003
20170621,-0.07,-0.05,-1.69,0.59,0.003
20170622,0.02,0.52,-0.42,-0.57,0.003
20170623,0.24,0.83,-0.5,-0.09,0.003
20170626,0.04,-0.06,0.69,-0.61,0.003
20170627,-0.85,-0.39,1.33,-0.31,0.003
20170628,1.02,0.74,0.21,0.93,0.003
20170629,-0.83,-0.1,1.38,-0.5,0.003
20170630,0.14,-0.09,-0.24,-0.33,0.003
20170703,0.24,0.35,1.21,-0.64,0.004
20170705,0.12,-0.7,-0.57,1.43,0.004
20170706,-0.95,-0.5,0.12,0.75,0.004
20170707,0.7,0.42,-0.41,0.87,0.004
20170710,0.05,-0.43,-0.09,0.36,0.004
20170711,0,0.38,-0.53,0,0.004
20170712,0.72,0.12,-0.53,0.29,0.004
20170713,0.17,-0.06,0.36,-0.41,0.004
20170714,0.42,-0.13,-0.51,-0.14,0.004
20170717,0,0.21,0.13,-0.17,0.004
20170718,0.04,-0.3,-0.33,0.46,0.004
20170719,0.59,0.53,0.03,-0.36,0.004
20170720,-0.01,0.05,-0.01,-0.08,0.004
20170721,-0.08,-0.42,-0.28,0.3,0.004
20170724,-0.03,0.12,-0.2,0.98,0.004
20170725,0.38,0.37,0.92,-0.67,0.004
20170726,-0.06,-0.35,-0.7,-0.19,0.004
20170727,-0.14,-0.62,0.45,-1.03,0.004
20170728,-0.17,-0.06,0.24,0.17,0.004
20170731,-0.11,-0.33,0.44,-0.04,0.004
20170801,0.24,-0.24,0.18,0.66,0.004
20170802,-0.08,-1.17,0.15,0.65,0.004
20170803,-0.21,-0.34,-0.29,0.31,0.004
20170804,0.25,0.31,0.36,0.07,0.004
20170807,0.16,-0.09,-0.61,0.47,0.004
20170808,-0.24,-0.09,0.21,0.61,0.004
20170809,-0.14,-0.76,-0.1,-0.24,0.004
20170810,-1.49,-0.3,0.26,-0.5,0.004
20170811,0.2,0.24,-0.88,0.03,0.004
20170814,1.03,0.26,0.06,1.13,0.004
20170815,-0.11,-0.85,-0.04,0.6,0.004
20170816,0.18,-0.13,-0.45,-0.03,0.004
20170817,-1.59,-0.16,-0.15,-0.55,0.004
20170818,-0.15,0.14,0.21,0.19,0.004
20170821,0.06,-0.26,-0.22,0.09,0.004
20170822,1.06,-0.01,-0.25,0.54,0.004
20170823,-0.32,0.11,0.4,-0.21,0.004
20170824,-0.14,0.59,0.18,0.02,0.004
20170825,0.18,0.12,0.58,-0.44,0.004
20170828,0.08,0.35,-0.74,0.38,0.004
20170829,0.1,0.13,-0.39,0.24,0.004
20170830,0.53,0.02,-0.32,0.56,0.004
20170831,0.62,0.48,-0.42,0.01,0.004
20170901,0.27,0.41,0.44,-0.38,0.005
20170905,-0.81,0.11,-0.95,-0.71,0.005
20170906,0.28,-0.03,0.13,-0.79,0.005
20170907,-0.07,0.15,-0.93,0.01,0.005
20170908,-0.16,0.03,0.36,0.44,0.005
20170911,1.08,-0.12,0.63,0.27,0.005
20170912,0.43,0.25,0.71,-0.54,0.005
20170913,0.11,0.31,0.36,-0.53,0.005
20170914,-0.12,-0.04,-0.07,0.03,0.005
20170915,0.19,0.28,0.12,-0.17,0.005
20170918,0.24,0.38,0.2,0.49,0.005
20170919,0.15,-0.28,0.35,0.81,0.005
20170920,0.16,0.23,0.52,-0.29,0.005
20170921,-0.28,0.11,0.37,0.1,0.005
20170922,0.12,0.44,0.12,-0.38,0.005
20170925,-0.25,0.32,0.63,-1.42,0.005
20170926,0.05,0.39,0.13,-0.02,0.005
20170927,0.63,1.38,0.17,0.83,0.005
20170928,0.13,0.16,-0.07,0.52,0.005
20170929,0.35,-0.12,-0.28,0.38,0.005
20171002,0.5,0.84,0.16,0,0.004
20171003,0.26,-0.03,-0.02,0.04,0.004
20171004,0.05,-0.28,-0.45,0.19,0.004
20171005,0.55,-0.34,0.35,-0.04,0.004
20171006,-0.08,-0.08,-0.25,0.65,0.004
20171009,-0.22,-0.28,-0.05,0.59,0.004
20171010,0.24,-0.01,0.41,0.01,0.004
20171011,0.16,-0.2,-0.22,0.38,0.004
20171012,-0.18,0.04,-0.51,0.68,0.004
20171013,0.04,-0.22,0.11,-0.07,0.004
20171016,0.17,-0.28,0.37,0.31,0.004
20171017,0.01,-0.32,-0.27,-0.21,0.004
20171018,0.14,0.3,0.21,0.28,0.004
20171019,0.02,-0.38,0.17,-0.22,0.004
20171020,0.57,-0.07,0.28,0.18,0.004
20171023,-0.45,-0.42,0.12,0.39,0.004
20171024,0.2,-0.18,0.47,0.69,0.004
20171025,-0.51,-0.01,0.11,-0.1,0.004
20171026,0.2,0.05,0.23,0.34,0.004
20171027,0.82,-0.03,-1.02,1.02,0.004
20171030,-0.46,-0.79,-0.06,-0.17,0.004
20171031,0.23,0.81,-0.23,0.42,0.004
20171101,0.05,-0.79,0.15,-0.54,0.004
20171102,0.06,-0.04,0.49,0.85,0.004
20171103,0.31,-0.42,-0.7,0.54,0.004
20171106,0.06,0.21,0.19,-0.52,0.004
20171107,-0.2,-1.35,-0.37,-0.26,0.004
20171108,0.12,0.06,-0.62,-0.01,0.004
20171109,-0.41,-0.02,0.22,-0.87,0.004
20171110,0.01,0.05,-0.38,-0.05,0.004
20171113,0.09,-0.3,0.02,0.84,0.004
20171114,-0.22,-0.13,0,0.93,0.004
20171115,-0.52,-0.05,0.24,-0.1,0.004
20171116,1.01,0.85,-0.52,0.22,0.004
20171117,-0.14,0.75,0.29,-1.29,0.004
20171120,0.21,0.56,0,0.53,0.004
20171121,0.67,0.4,-0.35,0.9,0.004
20171122,-0.05,0.11,-0.03,-0.93,0.004
20171124,0.21,0.02,-0.45,0.52,0.004
20171127,-0.06,-0.37,0.03,0.2,0.004
20171128,1.06,0.39,0.86,-0.45,0.004
20171129,0.02,0.04,1.44,-2.3,0.004
20171130,0.82,-0.56,-0.51,0.46,0.004
20171201,-0.22,-0.37,0.37,-0.5,0.004
20171204,-0.1,-0.35,1.23,-1.92,0.004
20171205,-0.43,-0.43,-0.24,0.93,0.004
20171206,-0.09,-0.46,-0.52,0.87,0.004
20171207,0.42,0.26,-0.17,0.67,0.004
20171208,0.51,-0.43,-0.13,-0.48,0.004
20171211,0.26,-0.4,-0.14,-0.3,0.004
20171212,0.07,-0.54,0.52,-0.61,0.004
20171213,0.02,0.71,-0.88,0.59,0.004
20171214,-0.47,-0.69,-0.21,0.49,0.004
20171215,0.92,0.68,0.03,0.33,0.004
20171218,0.67,0.75,0.26,-0.16,0.004
20171219,-0.3,-0.36,-0.26,-0.07,0.004
20171220,0.01,0.36,0.05,-0.29,0.004
20171221,0.24,0.27,0.63,-0.78,0.004
20171222,-0.07,-0.23,-0.2,0.11,0.004
20171226,-0.07,0.34,-0.06,-0.43,0.004
20171227,0.05,-0.13,-0.19,0.6,0.004
20171228,0.22,0.12,0.04,-0.08,0.004
20171229,-0.57,-0.3,0.02,-0.2,0.004
20180102,0.85,0.36,-0.22,-0.69,0.005
20180103,0.59,-0.39,-0.21,0.17,0.005
20180104,0.42,-0.26,0.24,-0.3,0.005
20180105,0.66,-0.34,-0.26,0.62,0.005
20180108,0.19,-0.16,0.07,0.14,0.005
20180109,0.15,-0.36,-0.02,0.48,0.005
20180110,-0.07,0.07,0.58,-0.23,0.005
20180111,0.87,1.16,0.29,-0.32,0.005
20180112,0.66,-0.3,0.17,0.03,0.005
20180116,-0.49,-1.02,-0.02,-0.19,0.005
20180117,0.95,-0.02,-0.15,1.02,0.005
20180118,-0.18,-0.5,-0.25,0.45,0.005
20180119,0.57,0.94,-0.07,0.57,0.005
20180122,0.77,-0.34,-0.14,-0.38,0.005
20180123,0.22,0.14,-0.33,0.01,0.005
20180124,-0.13,-0.79,0.39,-0.19,0.005
20180125,0.07,0.17,-0.49,0.6,0.005
20180126,1.11,-0.62,-0.5,0.6,0.005
20180129,-0.62,-0.03,-0.26,-0.1,0.005
20180130,-1.06,0.11,-0.17,0.34,0.005
20180131,-0.07,-0.72,0.06,0.33,0.005
20180201,0.03,0.1,0.5,-0.22,0.006
20180202,-2.13,0.03,-0.27,0.17,0.006
20180205,-4.03,0.77,-0.56,-0.17,0.006
20180206,1.67,-0.51,-0.23,0.76,0.006
20180207,-0.37,0.5,0.26,0.18,0.006
20180208,-3.67,0.82,0.48,-1.13,0.006
20180209,1.36,-0.62,0.11,0.63,0.006
20180212,1.36,-0.44,-0.29,0.53,0.006
20180213,0.31,0.05,-0.23,0.66,0.006
20180214,1.52,0.27,0.46,0.16,0.006
20180215,1.21,-0.13,-0.65,0.35,0.006
20180216,0.03,0.35,0.13,-0.16,0.006
20180220,-0.62,-0.36,-0.26,0.35,0.006
20180221,-0.43,0.78,0.2,0.78,0.006
20180222,0.01,0.04,-0.39,0.14,0.006
20180223,1.54,-0.36,-0.14,0.09,0.006
20180226,1.12,-0.48,-0.07,0.1,0.006
20180227,-1.25,-0.2,0.01,0.28,0.006
20180228,-1.1,-0.41,-0.31,0.56,0.006
20180301,-1.18,1.02,-0.04,-0.8,0.006
20180302,0.7,1.16,-0.5,-0.17,0.006
20180305,1.06,-0.39,0.25,-0.45,0.006
20180306,0.36,0.67,0.1,0.36,0.006
20180307,0.05,0.8,-0.45,0.8,0.006
20180308,0.37,-0.49,-0.33,-0.12,0.006
20180309,1.7,-0.27,0.28,0.6,0.006
20180312,-0.09,0.46,-0.06,-0.52,0.006
20180313,-0.67,0.09,0,-0.11,0.006
20180314,-0.53,0.23,-0.54,0.33,0.006
20180315,-0.18,-0.41,0.31,0.32,0.006
20180316,0.25,0.46,0.2,-0.47,0.006
20180319,-1.38,0.34,0.41,0.46,0.006
20180320,0.15,-0.07,-0.39,1.38,0.006
20180321,-0.06,0.76,0.45,-0.33,0.006
20180322,-2.54,0.5,-0.46,-0.97,0.006
20180323,-2.09,0.21,-0.2,-0.36,0.006
20180326,2.67,-0.7,0.02,1.32,0.006
20180327,-1.87,-0.25,0.4,-1.78,0.006
20180328,-0.35,0.11,0.65,-1.14,0.006
20180329,1.41,-0.29,-0.21,0.59,0.006
20180402,-2.29,-0.14,0.39,-0.09,0.007
20180403,1.24,-0.05,0.17,-0.14,0.007
20180404,1.17,0.32,-0.31,0.13,0.007
20180405,0.75,0.03,0.48,-0.39,0.007
20180406,-2.19,0.4,-0.06,-0.55,0.007
20180409,0.3,-0.15,-0.5,0.58,0.007
20180410,1.77,0.4,-0.12,0.38,0.007
20180411,-0.49,0.92,-0.31,-0.56,0.007
20180412,0.84,-0.22,0.19,1.25,0.007
20180413,-0.37,0.02,-0.25,-0.79,0.007
20180416,0.82,0.08,-0.04,-0.01,0.007
20180417,1.09,0.16,-1.18,1.07,0.007
20180418,0.13,0.24,0.01,0.03,0.007
20180419,-0.49,-0.46,1.08,0.68,0.007
20180420,-0.81,0.06,0.62,0.02,0.007
20180423,-0.05,-0.08,0.2,-0.35,0.007
20180424,-1.3,0.52,0.98,-1.07,0.007
20180425,0.1,-0.33,0.01,-0.56,0.007
20180426,0.96,-0.4,-0.85,0.92,0.007
20180427,0.01,-0.27,0.07,0.3,0.007
20180430,-0.8,0.04,-0.07,0.28,0.007
20180501,0.24,0.22,-0.53,0.35,0.006
20180502,-0.63,1.26,-0.28,0.4,0.006
20180503,-0.25,-0.5,-0.17,0.86,0.006
20180504,1.3,0.03,-0.23,-0.43,0.006
20180507,0.42,0.42,-0.36,0.28,0.006
20180508,0.07,0.47,0.26,0.45,0.006
20180509,0.89,-0.2,0.24,0.3,0.006
20180510,0.84,-0.43,-0.04,-0.19,0.006
20180511,0.19,0.11,-0.37,0.17,0.006
20180514,0.05,-0.35,0.12,-0.39,0.006
20180515,-0.55,0.68,0.41,-0.05,0.006
20180516,0.49,0.7,-0.24,-0.02,0.006
20180517,0.02,0.9,0.25,0.2,0.006
20180518,-0.23,0.57,-0.58,0.62,0.006
20180521,0.72,-0.21,0.44,0.26,0.006
20180522,-0.42,-0.76,0.59,-0.21,0.006
20180523,0.29,0.05,-0.72,0.44,0.006
20180524,-0.16,0.34,-0.31,0.13,0.006
20180525,-0.21,0.22,-0.4,-0.56,0.006
20180529,-1.03,1.32,-1.03,-0.07,0.006
20180530,1.31,0.07,0.35,0.27,0.006
20180531,-0.7,0.08,-0.4,0.37,0.006
20180601,1.06,-0.22,-0.13,0.58,0.006
20180604,0.48,0.16,-0.46,0.17,0.006
20180605,0.16,0.82,-0.41,0.29,0.006
20180606,0.86,-0.33,0.17,-0.01,0.006
20180607,-0.14,-0.29,0.92,-0.91,0.006
20180608,0.31,0.08,-0.41,-0.13,0.006
20180611,0.12,0.18,-0.16,-0.63,0.006
20180612,0.23,0.24,-0.62,0.15,0.006
20180613,-0.33,0.1,-0.21,0.23,0.006
20180614,0.27,0.32,-0.99,-0.25,0.006
20180615,-0.08,0.03,-0.24,-0.89,0.006
20180618,-0.09,0.74,0.09,0.72,0.006
20180619,-0.38,0.55,-0.18,-0.66,0.006
20180620,0.23,0.73,-0.52,0.31,0.006
20180621,-0.73,-0.63,0.32,-0.34,0.006
20180622,0.11,0.02,0.44,-0.63,0.006
20180625,-1.48,-0.57,0.56,-1.14,0.006
20180626,0.27,0.61,-0.2,0.45,0.006
20180627,-1.02,-0.99,0.39,-0.29,0.006
20180628,0.58,-0.18,-0.51,0.46,0.006
20180629,0.07,-0.19,-0.24,0.01,0.006
20180702,0.36,0.44,-0.34,0.55,0.008
20180703,-0.44,0.77,0.08,-0.65,0.008
20180705,0.87,0.42,-0.4,-0.33,0.008
20180706,0.87,0.08,-0.37,0.09,0.008
20180709,0.93,-0.37,0.77,0.45,0.008
20180710,0.21,-0.81,-0.08,-0.18,0.008
20180711,-0.69,-0.01,-0.52,0.01,0.008
20180712,0.86,-0.32,-1.09,0.55,0.008
20180713,0.08,-0.12,-0.28,0.21,0.008
20180716,-0.16,-0.74,0.84,0.39,0.008
20180717,0.48,0.24,-0.69,0.39,0.008
20180718,0.27,-0.25,0.6,0.39,0.008
20180719,-0.34,0.97,-0.37,-0.09,0.008
20180720,-0.1,-0.16,0.08,0.26,0.008
20180723,0.15,-0.25,0.37,0.36,0.008
20180724,0.22,-1.38,0.52,-0.36,0.008
20180725,0.83,-0.39,-1.21,1.08,0.008
20180726,-0.2,0.63,0.61,-0.98,0.008
20180727,-0.82,-1.37,1.15,-1.34,0.008
20180730,-0.7,-0.25,1.67,-1.41,0.008
20180731,0.51,0.77,-0.97,0.05,0.008
20180801,-0.13,0.09,-0.3,1.03,0.007
20180802,0.67,0.36,-0.73,0.85,0.007
20180803,0.31,-1.06,0.56,-0.8,0.007
20180806,0.46,0.26,-0.33,0.39,0.007
20180807,0.29,0,-0.14,0.33,0.007
20180808,-0.04,-0.13,0.22,0.41,0.007
20180809,-0.05,0.35,-0.32,0.1,0.007
20180810,-0.6,0.43,-0.23,0.71,0.007
20180813,-0.46,-0.16,-0.31,0.01,0.007
20180814,0.69,0.3,0.23,0.41,0.007
20180815,-0.91,-0.57,-0.11,-1.07,0.007
20180816,0.86,-0.08,0.27,-0.35,0.007
20180817,0.3,0.08,0.04,-0.32,0.007
20180820,0.25,0.12,0.18,0.13,0.007
20180821,0.33,0.87,0.14,0.14,0.007
20180822,0.05,0.41,-0.45,0.95,0.007
20180823,-0.19,-0.06,-0.32,0.64,0.007
20180824,0.62,-0.04,-0.51,0.31,0.007
20180827,0.74,-0.69,-0.11,0.03,0.007
20180828,-0.01,-0.12,-0.29,0.19,0.007
20180829,0.56,-0.04,-0.59,0.44,0.007
20180830,-0.41,0.3,-0.43,0.3,0.007
20180831,0.08,0.49,-0.43,0.29,0.007
20180904,-0.11,-0.34,-0.08,0.72,0.008
20180905,-0.41,-0.18,0.7,-1.45,0.008
20180906,-0.44,-0.39,-0.12,0.05,0.008
20180907,-0.18,0.09,-0.21,-0.21,0.008
20180910,0.23,0.1,-0.33,-0.04,0.008
20180911,0.37,-0.29,-0.21,0.84,0.008
20180912,0.03,-0.09,-0.06,-0.86,0.008
20180913,0.45,-0.46,-0.36,0.16,0.008
20180914,0.12,0.26,0.25,-0.14,0.008
20180917,-0.71,-0.47,0.92,-1.27,0.008
20180918,0.57,0.06,-0.53,0.31,0.008
20180919,0.06,-0.61,1.17,-1.15,0.008
20180920,0.77,0.29,-0.18,-0.21,0.008
20180921,-0.13,-0.43,0.39,-0.33,0.008
20180924,-0.31,0.03,-0.88,1.36,0.008
20180925,-0.05,0.3,-0.44,1.22,0.008
20180926,-0.4,-0.4,-0.59,0.1,0.008
20180927,0.27,-0.26,-0.57,0.22,0.008
20180928,-0.03,0.41,-0.19,0.29,0.008
20181001,0.16,-1.62,0.38,-0.12,0.008
20181002,-0.21,-1,0.67,-1.07,0.008
20181003,0.2,0.88,0.43,0.13,0.008
20181004,-0.93,-1.05,1.55,-0.81,0.008
20181005,-0.64,-0.4,0.4,0.08,0.008
20181008,-0.17,-0.38,1.19,-1.26,0.008
20181009,-0.18,-0.26,0.17,0.46,0.008
20181010,-3.33,0.28,1.15,-1.54,0.008
20181011,-1.96,0.42,-0.88,0.42,0.008
20181012,1.38,-0.89,-1.69,1.73,0.008
20181015,-0.48,0.92,0.47,-0.97,0.008
20181016,2.24,0.68,-1.46,0.97,0.008
20181017,-0.08,-0.64,0.19,-0.16,0.008
20181018,-1.54,-0.57,0.53,-0.13,0.008
20181019,-0.25,-1.32,0.8,-0.54,0.008
20181022,-0.38,0.43,-1.19,1.3,0.008
20181023,-0.62,-0.16,-0.33,-0.38,0.008
20181024,-3.33,-0.89,0.64,-0.4,0.008
20181025,1.93,0.47,-0.73,1.03,0.008
20181026,-1.65,0.56,0.37,-0.12,0.008
20181029,-0.77,-0.29,1.64,-1.06,0.008
20181030,1.66,0.37,0.1,0.06,0.008
20181031,1.22,-0.67,-0.69,0.81,0.008
20181101,1.29,1.31,-1.11,-1,0.008
20181102,-0.53,0.81,0.64,-0.05,0.008
20181105,0.4,-0.99,1.56,-0.14,0.008
20181106,0.58,-0.16,0.03,-0.11,0.008
20181107,2.11,-0.33,-1.02,1.65,0.008
20181108,-0.28,-0.23,0.23,0.38,0.008
20181109,-1.04,-0.86,0.39,0.06,0.008
20181112,-2.06,-0.02,0.98,-0.23,0.008
20181113,-0.13,-0.11,0.07,-0.85,0.008
20181114,-0.77,-0.01,-0.19,-0.63,0.008
20181115,1.18,0.38,-0.56,0.52,0.008
20181116,0.15,-0.01,-0.01,0.09,0.008
20181119,-1.88,-0.66,2.33,-1.02,0.008
20181120,-1.85,0.12,-0.62,-0.69,0.008
20181121,0.51,0.98,-0.29,-0.22,0.008
20181123,-0.55,0.78,-0.57,0.03,0.008
20181126,1.62,-0.68,-0.18,0.08,0.008
20181127,0.11,-1.07,0.29,0.55,0.008
20181128,2.42,0.47,-1.27,1.02,0.008
20181129,-0.22,-0.12,-0.18,0.29,0.008
20181130,0.78,-0.36,-0.38,-0.23,0.008
20181203,1.13,-0.07,-0.7,0.19,0.01
20181204,-3.45,-0.98,-0.1,0.69,0.01
20181206,-0.16,0.09,-1,0.53,0.01
20181207,-2.36,0.22,1.29,-0.52,0.01
20181210,0.1,-0.23,-1.57,0.78,0.01
20181211,-0.08,-0.08,-0.34,0.73,0.01
20181212,0.68,0.55,-0.13,-0.08,0.01
20181213,-0.26,-1.5,-0.17,0.5,0.01
20181214,-1.89,-0.1,0.6,-0.51,0.01
20181217,-2.13,-0.26,0.99,-0.95,0.01
20181218,-0.03,-0.01,-0.56,0.32,0.01
20181219,-1.58,-0.66,0.18,0.7,0.01
20181220,-1.62,-0.24,0.78,-0.47,0.01
20181221,-2.17,-0.57,0.83,0.43,0.01
20181224,-2.55,0.98,-0.45,-0.2,0.01
20181226,5.06,-0.01,-1.07,0,0.01
20181227,0.78,-0.68,-0.09,0.26,0.01
20181228,-0.03,0.75,0.24,0.12,0.01
20181231,0.9,-0.09,-0.47,0.62,0.01
20190102,0.23,0.57,1.15,-2.31,0.01
20190103,-2.45,0.4,1.23,-0.75,0.01
20190104,3.55,0.44,-0.74,-1.03,0.01
20190107,0.94,0.93,-0.67,-0.78,0.01
20190108,1.01,0.49,-0.53,0.14,0.01
20190109,0.56,0.5,-0.04,-0.89,0.01
20190110,0.42,0.01,-0.41,-0.33,0.01
20190111,-0.01,0.1,0.29,-0.19,0.01
20190114,-0.6,-0.57,0.88,-0.57,0.01
20190115,1.06,0,-0.88,1.12,0.01
20190116,0.28,0.1,0.83,-0.75,0.01
20190117,0.75,0.1,-0.19,-0.21,0.01
20190118,1.29,-0.34,0.11,-0.84,0.01
20190122,-1.53,-0.39,0.3,0.99,0.01
20190123,0.15,-0.41,-0.13,1.1,0.01
20190124,0.23,0.45,-0.1,-1.04,0.01
20190125,0.9,0.46,-0.37,-1.33,0.01
20190128,-0.8,-0.17,0.65,-0.09,0.01
20190129,-0.19,0,0.17,-0.28,0.01
20190130,1.51,-0.1,-1.06,0.05,0.01
20190131,0.92,0.14,-1.08,0.35,0.01
20190201,0.14,-0.12,0.34,-0.56,0.01
20190204,0.72,0.52,-0.57,-0.18,0.01
20190205,0.43,-0.09,-0.56,0.06,0.01
20190206,-0.22,-0.01,0.01,-0.3,0.01
20190207,-0.93,-0.14,0.41,0.72,0.01
20190208,0.09,0.02,-0.67,0.74,0.01
20190211,0.14,0.65,0.2,-0.12,0.01
20190212,1.36,0.04,-0.24,-0.53,0.01
20190213,0.28,0.09,0.05,-0.41,0.01
20190214,-0.21,0.51,-0.55,0.07,0.01
20190215,1.13,0.23,0.53,-0.51,0.01
20190219,0.19,0.28,0.32,-0.43,0.01
20190220,0.19,0.21,0.59,-0.38,0.01
20190221,-0.37,-0.06,-0.25,0.46,0.01
20190222,0.65,0.51,-1.37,0.24,0.01
20190225,0.15,-0.23,-0.2,-0.66,0.01
20190226,-0.16,-0.64,-0.3,0.23,0.01
20190227,0.09,0.22,-0.15,0.5,0.01
20190228,-0.31,0.01,-0.28,0.68,0.01
20190301,0.72,0.31,-0.48,-0.26,0.009
20190304,-0.52,-0.38,0.32,-0.51,0.009
20190305,-0.17,-0.32,-0.22,0.47,0.009
20190306,-0.84,-1.28,0.09,0.79,0.009
20190307,-0.82,-0.07,-0.27,0.51,0.009
20190308,-0.22,0.04,-0.13,0.19,0.009
20190311,1.49,0.33,-0.49,-0.37,0.009
20190312,0.25,-0.27,-0.04,-0.06,0.009
20190313,0.68,-0.3,0.01,-0.19,0.009
20190314,-0.1,-0.37,0.23,0.22,0.009
20190315,0.48,-0.28,-0.28,-0.19,0.009
20190318,0.46,0.17,0.34,-0.61,0.009
20190319,-0.09,-0.37,-0.89,0.43,0.009
20190320,-0.39,-0.01,-0.99,0.49,0.009
20190321,1.11,0.25,-1.12,0.04,0.009
20190322,-2.17,-1.57,0.07,1.03,0.009
20190325,-0.05,0.65,-0.29,0.65,0.009
20190326,0.76,0.19,0.43,-0.46,0.009
20190327,-0.5,0.09,0.51,-0.38,0.009
20190328,0.4,0.39,-0.1,-0.18,0.009
20190329,0.66,-0.26,-0.84,0,0.009
20190401,1.19,-0.29,0.96,-0.93,0.01
20190402,-0.05,-0.13,-0.41,0.23,0.01
20190403,0.27,0.2,-0.37,-0.12,0.01
20190404,0.19,0.21,0.95,-1.31,0.01
20190405,0.52,0.51,-0.02,-0.67,0.01
20190408,0.08,-0.3,0.12,-0.18,0.01
20190409,-0.65,-0.59,-0.08,0.97,0.01
20190410,0.48,0.94,-0.06,-0.16,0.01
20190411,0,-0.34,0.43,-0.08,0.01
20190412,0.65,-0.52,0.69,-1.08,0.01
20190415,-0.09,-0.21,-0.59,0.82,0.01
20190416,0.13,0.15,0.63,-0.88,0.01
20190417,-0.32,-0.68,0.78,-0.8,0.01
20190418,0.11,-0.26,-0.47,-0.07,0.01
20190422,0.11,-0.44,-0.56,0.21,0.01
20190423,0.97,0.73,-0.58,0.27,0.01
20190424,-0.23,0.31,-0.22,0.42,0.01
20190425,-0.14,-0.71,-0.26,1.38,0.01
20190426,0.53,0.43,0.05,0.19,0.01
20190429,0.18,0.11,0.61,-0.45,0.01
20190430,-0.04,-0.69,0.25,0.36,0.01
20190501,-0.83,-0.1,-0.06,0.49,0.009
20190502,-0.16,0.49,-0.49,0.49,0.009
20190503,1.13,0.95,-0.27,-0.26,0.009
20190506,-0.39,0.62,-0.45,0.25,0.009
20190507,-1.69,-0.29,0.53,0.38,0.009
20190508,-0.21,-0.15,-0.3,0.16,0.009
20190509,-0.28,0.08,0.09,0.6,0.009
20190510,0.35,-0.36,0.11,0.66,0.009
20190513,-2.67,-0.73,0.36,0.99,0.009
20190514,0.93,0.4,-0.03,-0.59,0.009
20190515,0.58,0.04,-0.94,0.47,0.009
20190516,0.91,-0.41,-0.24,0.42,0.009
20190517,-0.73,-0.81,0.35,0.48,0.009
20190520,-0.65,-0.23,0.79,0.35,0.009
20190521,0.9,0.41,-0.34,-0.63,0.009
20190522,-0.4,-0.49,-0.63,1.37,0.009
20190523,-1.37,-0.7,-0.23,1.19,0.009
20190524,0.23,0.51,0.29,0.09,0.009
20190528,-0.78,0.27,-0.6,1.06,0.009
20190529,-0.71,-0.27,0.44,-0.42,0.009
20190530,0.14,-0.29,-0.78,1.44,0.009
20190531,-1.37,-0.15,-0.21,0.61,0.009
20190603,-0.4,0.4,1.44,-0.64,0.009
20190604,2.33,0.45,-0.17,-1.11,0.009
20190605,0.69,-1.01,-0.91,1.76,0.009
20190606,0.55,-1.02,-0.01,0.69,0.009
20190607,1.04,-0.01,-1.15,0.36,0.009
20190610,0.53,0,-0.07,-0.33,0.009
20190611,-0.12,-0.26,0.59,-0.5,0.009
20190612,-0.2,0.36,-0.89,1.46,0.009
20190613,0.52,0.66,-0.01,-1.47,0.009
20190614,-0.27,-0.75,0.3,0.91,0.009
20190617,0.15,0.61,-1.08,-0.25,0.009
20190618,1.04,0.2,0.19,-0.95,0.009
20190619,0.32,0.11,-0.59,0.73,0.009
20190620,0.89,-0.36,-0.23,-0.32,0.009
20190621,-0.21,-0.45,-0.07,-0.14,0.009
20190624,-0.34,-0.92,0.15,0.74,0.009
20190625,-0.98,0.34,0.74,-0.42,0.009
20190626,-0.06,-0.06,0.22,-1.96,0.009
20190627,0.6,1.41,-0.09,-0.06,0.009
20190628,0.68,0.65,0.61,-0.53,0.009
20190701,0.75,-0.54,-0.18,0.37,0.009
20190702,0.14,-0.81,-0.79,1.8,0.009
20190703,0.78,-0.07,-0.31,0.26,0.009
20190705,-0.1,0.17,0.89,-0.25,0.009
20190708,-0.58,-0.44,0.03,0.6,0.009
20190709,0.18,-0.15,-0.53,0.3,0.009
20190710,0.4,-0.16,-0.39,-0.13,0.009
20190711,0.19,-0.8,0.03,0.31,0.009
20190712,0.53,0.19,0.44,-0.9,0.009
20190715,-0.04,-0.38,-0.99,0.73,0.009
20190716,-0.32,0.33,0.15,0.15,0.009
20190717,-0.64,-0.14,-0.68,0.81,0.009
20190718,0.35,-0.32,-0.03,0.31,0.009
20190719,-0.56,0.14,0.89,-1.02,0.009
20190722,0.25,-0.43,-0.5,0.24,0.009
20190723,0.65,-0.21,0.82,-0.76,0.009
20190724,0.66,0.75,0.83,-0.76,0.009
20190725,-0.63,-0.7,-0.21,1.51,0.009
20190726,0.82,0.39,-0.21,0.24,0.009
20190729,-0.32,-0.33,-0.46,0.38,0.009
20190730,-0.17,1.31,0.85,-1.41,0.009
20190731,-1.09,0.15,0.53,0.09,0.009
20190801,-1.04,-0.47,-1.94,2.55,0.007
20190802,-0.87,-0.31,0.04,0.31,0.007
20190805,-3.07,-0.02,-0.02,0.5,0.007
20190806,1.29,-0.43,-0.56,1.1,0.007
20190807,0.07,0.06,-0.87,0.42,0.007
20190808,1.97,0.08,-0.29,0.22,0.007
20190809,-0.78,-0.38,-0.37,1.25,0.007
20190812,-1.32,0.28,-0.28,0.58,0.007
20190813,1.47,-0.15,-0.54,0.05,0.007
20190814,-2.95,0.21,-0.53,1.39,0.007
20190815,0.16,-0.62,-0.58,1.24,0.007
20190816,1.55,0.53,0.66,-1.1,0.007
20190819,1.14,-0.01,0.29,-1.22,0.007
20190820,-0.75,0.3,-0.51,0.39,0.007
20190821,0.85,0.04,-0.32,-0.06,0.007
20190822,-0.1,-0.55,0.52,0,0.007
20190823,-2.66,-0.55,-0.21,0.99,0.007
20190826,1.08,-0.02,-0.21,0.45,0.007
20190827,-0.46,-0.87,-0.68,0.92,0.007
20190828,0.68,0.47,0.62,-0.92,0.007
20190829,1.35,0.31,0.34,-0.93,0.007
20190830,0.03,-0.38,0.26,-0.25,0.007
20190903,-0.86,-0.95,0.09,0.54,0.009
20190904,1.08,-0.22,0.43,-0.93,0.009
20190905,1.42,0.41,0.7,-2.03,0.009
20190906,-0.02,-0.37,0.06,-0.42,0.009
20190909,0.08,0.74,3.08,-3.81,0.009
20190910,0.17,1.03,1.22,-3.2,0.009
20190911,0.88,1.32,-0.01,-0.47,0.009
20190912,0.22,-0.28,-0.22,0.97,0.009
20190913,-0.01,0.01,0.76,-0.69,0.009
20190916,-0.23,0.94,0.5,-1.93,0.009
20190917,0.17,-0.6,-1.23,2.44,0.009
20190918,-0.05,-0.73,0.02,1.04,0.009
20190919,-0.05,-0.43,-0.46,0.56,0.009
20190920,-0.48,0.31,0.14,0.05,0.009
20190923,-0.02,-0.18,0.52,-0.15,0.009
20190924,-1.01,-0.73,-0.02,1.19,0.009
20190925,0.69,0.36,0.56,-0.6,0.009
20190926,-0.41,-0.96,0.11,0.83,0.009
20190927,-0.62,-0.35,0.88,-0.66,0.009
20190930,0.5,-0.14,-0.49,0.26,0.009
20191001,-1.31,-0.46,-0.62,1.15,0.007
20191002,-1.73,0.87,-0.4,0.82,0.007
20191003,0.8,-0.22,-0.91,-0.22,0.007
20191004,1.39,-0.49,-0.1,0.93,0.007
20191007,-0.41,0.17,-0.06,-0.16,0.007
20191008,-1.61,-0.14,-0.1,0.68,0.007
20191009,0.92,-0.53,-0.1,0.41,0.007
20191010,0.6,-0.4,0.29,-0.36,0.007
20191011,1.23,0.48,0.21,-1.18,0.007
20191014,-0.18,-0.33,-0.05,0.2,0.007
20191015,1.03,0.25,-0.24,-0.31,0.007
20191016,-0.24,0.41,0.19,-0.18,0.007
20191017,0.37,0.8,-0.28,-0.11,0.007
20191018,-0.48,-0.38,0.89,0.46,0.007
20191021,0.71,0.17,0.34,-0.45,0.007
20191022,-0.34,0.22,0.91,-2.1,0.007
20191023,0.26,-0.09,0.24,-0.71,0.007
20191024,0.26,-0.25,-0.92,1.07,0.007
20191025,0.5,0.28,0.12,-0.8,0.007
20191028,0.62,0.25,-0.22,-0.09,0.007
20191029,-0.13,0.29,0.42,-0.1,0.007
20191030,0.27,-0.38,-1.2,0.98,0.007
20191031,-0.38,-0.26,-0.41,0.48,0.007
